,Hotel_Name,Location,Destination,Facilities,Original Price,Current Price,Taxes and Charges,Discount,Price per Day,Hotel_Rating,Rating_Category,Preferred_Hotel,Reviews_available,Free_cancellation,pay at the property,Breakfast included?
0,Nirvana Hill Resort,Curtorim,Goa,Hill View Stone Cottage1 extra-large double bed,0.0,134400.0,16128.0,0.0,5376.0,7.6,Good,YES,105.0,YES,NO,NO
1,Zulu Land cottages - near Curlies beach shack and shiva valley - Anjuna beach,"Anjuna Beach, Anjuna",Goa,Cottage with Garden ViewEntire bungalow • 1 bedroom • 1 bathroom • 33m²1 large double bed,56738.0,51064.0,6128.0,5674.0,2042.57,7.1,Good,YES,0.0,NO,NO,YES
2,"Riverside, The European Homestay 1 and 2! Luxury and Value in Goa's delightful location",Agarvado,Goa,"One-Bedroom ApartmentEntire apartment • 1 bedroom • 1 living room • 1 bathroom • 1 kitchen • 55m²2 beds (1 double, 1 sofa bed)",0.0,68768.0,8252.0,0.0,2750.71,8.8,Fabulous,YES,42.0,YES,NO,NO
3,Luxe 2BHK 10min from GOI airport with Pool access,Dabolim,Goa,"Two-Bedroom ApartmentEntire apartment • 2 bedrooms • 1 living room • 2 bathrooms • 1 kitchen • 63m²3 beds (1 extra-large double, 1 sofa bed, 1 large double)No prepayment needed – ",0.0,156240.0,18749.0,0.0,6249.61,9.2,Superb,YES,15.0,YES,YES,NO
4,Treebo Rock Valley,Ponda,Goa,Economy Double Room1 large double bedNo prepayment needed – ,460319.0,266985.0,48057.0,193334.0,11251.5,7.8,Good,YES,108.0,YES,YES,YES
5,Storii By ITC Hotels Moira Riviera,Moira,Goa,Deluxe Room1 large double bed,0.0,289487.0,52108.0,0.0,12199.82,8.3,Very Good,YES,114.0,YES,NO,NO
6,Casa Do Leão A 150 year Old Portuguese Home,Nerul,Goa,Queen Room with Garden View1 large double bed,154700.0,116025.0,13923.0,38675.0,4641.0,9.3,Superb,YES,78.0,YES,NO,YES
7,Siolim Suites,Siolim,Goa,"One-Bedroom ApartmentEntire apartment • 1 bedroom • 1 living room • 1 bathroom • 1 kitchen • 65m²4 beds (2 singles, 1 sofa bed, 1 large double)No prepayment needed – ",0.0,120960.0,14515.0,0.0,4838.39,9.4,Superb,YES,116.0,YES,YES,YES
8,Mojigao - Eco Resort,Assagao,Goa,Queen Cottage with Balcony1 double bed,204820.0,194579.0,23349.0,10241.0,7783.14,9.2,Superb,YES,347.0,NO,NO,YES
9,Lamrin Ucassaim Goa An Indo Portuguese Hotel,Moira,Goa,Deluxe Room1 extra-large double bed,0.0,383040.0,68947.0,0.0,16142.39,8.8,Fabulous,YES,62.0,YES,NO,YES
10,FabHotel Prime BT Wellness With Swimming Pool,Pernem,Goa,Deluxe Room1 double bed,514100.0,329024.0,59224.0,185076.0,13866.0,9.3,Superb,YES,3.0,YES,NO,NO
11,Arize You Home,Verla,Goa,King StudioEntire studio • 1 bathroom • 19m²1 large double bed,0.0,55972.0,6717.0,0.0,2238.89,7.2,Good,YES,63.0,YES,NO,NO
12,Happy Moon Homestay,Aldona,Goa,Double Room1 double bed,0.0,39172.0,4701.0,0.0,1566.89,0.0,Not Available,YES,3.0,NO,NO,NO
13,Mamagoa Beach Resort,"Mandrem Beach , Mandrem",Goa,Cottage with Garden ViewEntire bungalow • 1 bedroom • 1 bathroom • 60m²1 extra-large double bed,0.0,280000.0,50400.0,0.0,11800.0,9.0,Superb,YES,173.0,NO,NO,YES
14,Sol De Goa,Nerul,Goa,Double Room1 double bedNo prepayment needed – ,0.0,136080.0,16330.0,0.0,5443.21,7.4,Good,YES,13.0,YES,YES,YES
15,Mistral Holidays Near Trinity Beach & Benaulim Beach,"Benaulim Beach, Benaulim",Goa,Small Double Room1 single bed,0.0,50400.0,6048.0,0.0,2016.0,8.6,Fabulous,YES,257.0,YES,NO,NO
16,lovely 2-bedroom sea view serviced apartment dabolim goa,Dabolim,Goa,Two-Bedroom Apartment2 large double beds,0.0,140000.0,16800.0,0.0,5600.0,9.7,Exceptional,YES,10.0,YES,NO,NO
17,U.R.D.Ki Hostel,Anjuna,Goa,"Double Room2 beds (1 single, 1 double)",91356.0,50246.0,6029.0,41110.0,2009.82,9.0,Superb,YES,256.0,NO,NO,NO
18,Susegad Suites Goa Apartments & Villas with Reserved Parking,Arpora,Goa,"1BHK Apartment with BalconyEntire apartment • 1 bedroom • 1 living room • 1 bathroom • 1 kitchen • 72m²2 beds (1 double, 1 sofa bed)",159600.0,117600.0,14112.0,42000.0,4704.0,8.9,Fabulous,YES,150.0,NO,NO,NO
19,FabHotel Ashirwad,Pilerne,Goa,Deluxe Room1 double bed,473000.0,302720.0,55204.0,170280.0,12783.0,4.8,Review Score,YES,10.0,YES,NO,NO
20,"La Vera Boutique Hotel, Mandrem",Mandrem,Goa,Superior Double Room1 double bed,0.0,65520.0,7862.0,0.0,2620.79,8.0,Very Good,YES,479.0,YES,NO,YES
21,Westwood Residence Goa - The Boutique Hotel,Mapusa,Goa,One-Bedroom ApartmentEntire apartment • 1 bedroom • 1 bathroom1 large double bed,0.0,116280.0,13954.0,0.0,4651.21,8.1,Very Good,YES,37.0,YES,NO,NO
22,La Mer Apartments,Nerul,Goa,"LaMer-Designer Studio,Lush Green- Reis MagosEntire studio • 1 bathroom • 84m²1 double bed",0.0,182188.0,21863.0,0.0,7287.54,9.6,Exceptional,YES,5.0,YES,NO,NO
23,"This is it Beachfront - Rooms, Cafe & Events","Arambol beach, Arambol",Goa,2×4-Bed Mixed Dormitory Room2 shared dormitory rooms8 single beds,0.0,33818.0,4058.0,0.0,1352.71,8.1,Very Good,YES,293.0,YES,NO,NO
24,Caravela Beach Resort,"Varca Beach, Varca",Goa,Garden View RoomBeds: 1 double or 2 singles,0.0,352772.0,63499.0,0.0,14866.82,8.5,Very Good,YES,0.0,NO,NO,YES
25,Tridiva Morjim 160 Meters to Morjim Beach,"Morjim Beach, Morjim",Goa,Premium Double Room with Garden View1 large double bedNo prepayment needed – ,0.0,94563.0,11348.0,0.0,3782.54,8.8,Fabulous,YES,229.0,YES,YES,YES
26,"Storii By ITC Hotels, Shanti Morada Goa",Calangute,Goa,Deluxe Double Room1 extra-large double bed,0.0,286900.0,51642.0,0.0,12090.79,9.3,Superb,YES,513.0,YES,NO,YES
27,Crystal Village,Nagoa-Bardez,Goa,Apartment - Ground FloorEntire apartment • 1 bedroom • 1 living room • 1 bathroom • 1 kitchen • 68m²1 large double bed,0.0,207200.0,24864.0,0.0,8288.0,9.0,Superb,YES,0.0,YES,NO,NO
28,Goa Villagio Resort & Spa -05 Min Walk from Beach,Betalbatim,Goa,Studio Room with BalconyEntire studio • 1 bathroom • 20m²1 extra-large double bed,0.0,131100.0,15732.0,0.0,5244.0,7.3,Good,YES,64.0,YES,NO,NO
29,El Raso Apartments,Verla,Goa,ElRaso-1bhk-Entire Apt in ParraEntire apartment • 1 bedroom • 1 living room • 1 bathroom • 1 kitchen • 48m²1 double bed,0.0,178750.0,21450.0,0.0,7150.0,9.5,Exceptional,YES,4.0,YES,NO,NO
30,Holiday Inn Resort Goa by IHG,"Cavelossim Beach, Cavelossim",Goa,Standard King Room - Smoking1 extra-large double bed,0.0,298501.0,53730.0,0.0,12579.68,8.7,Fabulous,YES,818.0,NO,NO,NO
31,"Sandbanks Beach Villas, Morjim","Morjim Beach, Morjim",Goa,Premium Room1 extra-large double bed,201712.0,157335.0,18880.0,44377.0,6293.39,9.4,Superb,YES,151.0,NO,NO,NO
32,Ocean Wave Calangute,"Calangute Beach, Calangute",Goa,Standard Quadruple Room1 extra-large double bed,0.0,74000.0,8880.0,0.0,2960.0,8.0,Very Good,YES,523.0,YES,NO,NO
33,Heritage Village Resort & Spa Goa,Cansaulim,Goa,Superior Twin Room2 single beds,0.0,327575.0,58963.0,0.0,13804.93,8.6,Fabulous,YES,717.0,NO,NO,YES
34,Beleza By The Beach,Colva,Goa,Terrace Paddy View Room1 double bed,0.0,226980.0,40856.0,0.0,9565.57,8.6,Fabulous,YES,0.0,NO,NO,YES
35,juSTa Morjim Beach Resort Goa - 80 Steps from Morjim Beach,"Morjim Beach, Morjim",Goa,Superior King Room 1 extra-large double bedNo prepayment needed – ,0.0,284000.0,51120.0,0.0,11968.57,7.8,Good,YES,86.0,YES,YES,NO
36,"Jungle Hut-Annabelle's Beach Apartments at Bernard Simao,Calangute,Goa",Candolim,Goa,"One-Bedroom ApartmentEntire apartment • 1 bedroom • 1 living room • 1 bathroom • 1 kitchen • 38m²3 beds (2 singles, 1 double)",0.0,123435.0,14812.0,0.0,4937.39,9.0,Superb,YES,83.0,YES,NO,NO
37,"Hotel Sea Sapphire ,Calangute",Calangute,Goa,Deluxe Room1 extra-large double bed,0.0,106000.0,12720.0,0.0,4240.0,8.7,Fabulous,YES,738.0,YES,NO,NO
38,Resort Paloma De Goa,Colva,Goa,Studio ApartmentEntire apartment • 1 bedroom • 1 bathroom • 20m²1 large double bed,0.0,79357.0,9523.0,0.0,3174.29,7.8,Good,YES,163.0,YES,NO,NO
39,juSTa Casa Frangipani Assagao - 03 Km from Anjuna Beach,Old Goa,Goa,Superior Double Room1 single bedNo prepayment needed – ,0.0,363972.0,65515.0,0.0,15338.82,7.8,Good,YES,20.0,YES,YES,NO
40,BSG Absolute Porvorim Regency Goa Hotel,Porvorim,Goa,Double Room with Balcony1 extra-large double bedNo prepayment needed – ,98000.0,88200.0,10584.0,9800.0,3528.0,7.5,Good,YES,121.0,YES,YES,NO
41,Marbella Guest House,Sinquerim,Goa,Twin Room with Bathroom1 large double bed,0.0,113400.0,13608.0,0.0,4536.0,9.5,Exceptional,YES,255.0,NO,NO,YES
42,"ITC Grand Goa, a Luxury Collection Resort & Spa, Goa",Utorda,Goa,"Garden View Premium, Guest room, 1 King or 2 Twin/Single Bed(s), Facilities access, Pool accessMultiple bed typesNo prepayment needed – ",0.0,547500.0,98550.0,0.0,23073.21,8.5,Very Good,YES,657.0,YES,YES,YES
43,Larisa Resort Ashwem,Mandrem,Goa,Luxury Cottage1 extra-large double bed,0.0,349972.0,62995.0,0.0,14748.82,8.5,Very Good,YES,167.0,YES,NO,NO
44,Martins Comfort,Betalbatim,Goa,Deluxe Double Room1 double bed,0.0,70500.0,8460.0,0.0,2820.0,7.7,Good,YES,125.0,YES,NO,YES
45,Jasminn Hotel - AM Hotel Kollection,Betalbatim,Goa,Deluxe RoomBeds: 1 double or 2 singles,0.0,161960.0,19435.0,0.0,6478.39,8.4,Very Good,YES,181.0,YES,NO,NO
46,Ronne's Casa De Piscina Privada 3BHK VILLA,Verla,Goa,"Three-Bedroom VillaEntire villa • 3 bedrooms • 4 bathrooms • 1 kitchen • 418m²3 beds (1 double, 2 large doubles)",0.0,112186.0,35900.0,0.0,5288.79,9.6,Exceptional,YES,11.0,YES,NO,NO
47,Birdsnest River view Apartment,Dabolim,Goa,Two-Bedroom ApartmentEntire apartment • 2 bedrooms • 2 bathrooms • 1 kitchen • 84m²2 double beds,0.0,107100.0,12852.0,0.0,4284.0,9.0,Superb,YES,69.0,NO,NO,NO
48,"Kenilworth Resort & Spa, Goa",Utorda,Goa,Superior Deluxe Room Beds: 1 double or 2 singles,0.0,326516.0,58773.0,0.0,13760.32,8.0,Very Good,YES,775.0,YES,NO,YES
49,Madrid Home 2 min walk to Beach,"Arambol beach, Arambol",Goa,Double Room with Private Bathroom1 double bed,0.0,37800.0,4536.0,0.0,1512.0,8.8,Fabulous,No,72.0,NO,NO,NO
50,Tobias Villas,"Cavelossim Beach, Cavelossim",Goa,"One-Bedroom VillaEntire villa • 1 bedroom • 1 living room • 1 bathroom • 1 kitchen • 65m²2 beds (1 double, 1 sofa bed)",0.0,140000.0,16800.0,0.0,5600.0,9.6,Exceptional,No,22.0,YES,NO,NO
51,Blu Missel By The River,Panaji,Goa,Superior Room with River View1 large double bedNo prepayment needed – ,0.0,79200.0,9504.0,0.0,3168.0,7.9,Good,No,291.0,YES,YES,NO
52,Skon Baga Bliss Hotel by Orion Hotels,Goa,Goa,Deluxe Double Room1 large double bed,161972.0,105282.0,12634.0,56690.0,4211.29,7.8,Good,No,72.0,YES,NO,NO
53,"Daksh Elite Candolim, Goa",Goa,Goa,Superior Double Room1 double bedNo prepayment needed – ,0.0,94640.0,11357.0,0.0,3785.61,9.1,Superb,No,20.0,YES,YES,NO
54,Summit Calangute Resort & Spa,Calangute,Goa,Deluxe Double Room with Balcony - Free beer on arrival and a free 15-minute head or foot spa session (one session per stay)! Valid for stays till 10th March.1 extra-large double bed,0.0,121880.0,14626.0,0.0,4875.21,8.3,Very Good,No,26.0,YES,NO,NO
55,Stone Water Eco Resort,Bogmalo,Goa,Garden View CottageEntire chalet • 1 bedroom • 1 bathroom • 15m²1 double bed,104436.0,93992.0,11279.0,10444.0,3759.68,6.5,Review Score,No,292.0,YES,NO,NO
56,Hill Top Luxury Villa - 3 BHK || Infinity Pool,Mapusa,Goa,"Villa with Private PoolEntire villa • 3 bedrooms • 1 living room • 4 bathrooms • 1 kitchen • 450m²7 beds (2 extra-large doubles, 1 large double, 4 futons)",538913.0,441909.0,0.0,97004.0,0.0,7.7,Good,No,21.0,YES,NO,NO
57,Foxoso La Beach Resort,Old Goa,Goa,Deluxe Double Room1 double bed,0.0,238000.0,42840.0,0.0,10030.0,7.1,Good,No,13.0,YES,NO,NO
58,Coconut Creek Resort - Dabolim Airport,Bogmalo,Goa,Deluxe Double or Twin Room 1 double bed,0.0,232400.0,41832.0,0.0,9794.0,8.6,Fabulous,No,403.0,NO,NO,YES
59,Marias house,Siroda,Goa,Deluxe Double Room (2 Adults + 1 Child)3 double beds,0.0,35910.0,4309.0,0.0,1436.39,8.5,Very Good,No,48.0,YES,NO,NO
60,"The Postcard Hideaway, Netravali Wildlife Sanctuary, Goa",Vichondrem,Goa,Luxury Room1 large double bed,0.0,618621.0,111352.0,0.0,26070.46,9.3,Superb,No,91.0,NO,NO,NO
61,"Relax Holiday Home,Margao Railway Station",Madgaon,Goa,Deluxe RoomBeds: 1 double or 2 singlesNo prepayment needed – ,0.0,54863.0,6583.0,0.0,2194.5,8.4,Very Good,No,196.0,YES,YES,NO
62,Hotel O Porvorim Near Mall De Goa,Porvorim,Goa,Classic Triple Room1 large double bedNo prepayment needed – ,86342.0,56122.0,7687.0,30220.0,2278.89,5.5,Review Score,No,61.0,YES,YES,NO
63,"Mandrem Beach Resort, a member of Radisson Individuals Retreat",Mandrem,Goa,Superior Room1 extra-large double bed,0.0,291236.0,52422.0,0.0,12273.5,9.0,Superb,No,167.0,NO,NO,YES
64,Hotel O Dabolim Near Goa International Airport,Dabolim,Goa,Classic Triple Room1 large double bedNo prepayment needed – ,125999.0,81899.0,10780.0,44100.0,3309.96,5.3,Review Score,No,74.0,YES,YES,NO
65,De Alcazar Calangute,Calangute,Goa,Executive Room1 large double bed,42047.0,37842.0,4541.0,4205.0,1513.68,6.5,Review Score,No,0.0,YES,NO,YES
66,Planet Hollywood Beach Resort Goa,Utorda,Goa,Executive SuitePrivate suite1 large double bed,0.0,550800.0,99144.0,0.0,23212.29,7.7,Good,No,515.0,NO,NO,YES
67,The Ivy Anjuna,Anjuna,Goa,Premium Room with Balcony1 large double bed,0.0,121600.0,14592.0,0.0,4864.0,8.2,Very Good,No,424.0,NO,NO,NO
68,"FabHotel Peak Stay - Nr Mall De Goa, Porvorim",Porvorim,Goa,Deluxe Room1 double bed,428406.0,274180.0,50304.0,154226.0,11588.71,8.0,Very Good,No,40.0,YES,NO,NO
69,The Astor - All Suites Hotel Candolim Goa,Candolim,Goa,Junior Suite - King Bed City ViewPrivate suite1 extra-large double bed,0.0,279680.0,50342.0,0.0,11786.5,9.0,Superb,No,268.0,NO,NO,YES
70,Casa Legend Suites Candolim Goa,Candolim,Goa,Two-Bedroom SuitePrivate suite • 2 bedrooms • 2 bathrooms • 77m²2 large double beds,0.0,119100.0,14292.0,0.0,4764.0,8.6,Fabulous,No,49.0,NO,NO,NO
71,Novotel Goa Resort & Spa Candolim,Candolim,Goa,Superior King Room1 extra-large double bed,0.0,296784.0,53421.0,0.0,12507.32,7.4,Good,No,872.0,NO,NO,YES
72,FabHotel Prime Emerald Highland - Nr Candolim Beach,Marmagao,Goa,Family Room1 extra-large double bed,152540.0,97626.0,11715.0,54914.0,3905.04,6.2,Review Score,No,51.0,YES,NO,NO
73,Seashell Suites and Villas- Candolim Goa,Candolim,Goa,Junior Suite with King Bed Private suite • 1 bedroom • 1 living room • 1 bathroom • 55m²1 large double bed,0.0,218850.0,39393.0,0.0,9222.96,9.6,Exceptional,No,693.0,NO,NO,NO
74,Cozywoods Hill Resort,Banastarim,Goa,"Double or Twin Room2 beds (1 single, 1 large double)",0.0,77000.0,9240.0,0.0,3080.0,6.3,Review Score,No,52.0,YES,NO,NO
75,ibis Jaipur City Centre - An Accor Brand,"Civil Lines, Jaipur",Jaipur,Standard Queen Room1 large double bedNo prepayment needed – ,0.0,92600.0,11112.0,0.0,3704.0,7.8,Good,No,0.0,YES,YES,NO
76,Trident Jaipur,"Amer Fort Road, Jaipur",Jaipur,Deluxe Garden View Room With Balcony1 extra-large double bed,0.0,287375.0,51728.0,0.0,12110.82,8.7,Fabulous,No,0.0,NO,NO,NO
77,Le Meridien Jaipur Resort & Spa,"Amer, Jaipur",Jaipur,"Superior Garden view with Twin Bed(20% discount on food and soft beverages, 20% discount on Spa,Buy 1 get 1 on select brands at madeira bar between 4 pm - 10 pm)Multiple bed typesNo prepayment needed – ",0.0,433972.0,78115.0,0.0,18288.82,8.3,Very Good,No,552.0,YES,YES,NO
78,Umaid Bhawan - A Heritage Style Boutique Hotel,"Bani Park, Jaipur",Jaipur,Royal Deluxe  Free Pick up on Arrival only from Train or Bus stationBeds: 1 double or 2 singlesNo prepayment needed – ,0.0,166600.0,19992.0,0.0,6664.0,8.7,Fabulous,No,0.0,YES,YES,YES
79,"Moustache Hostel, Jaipur","M.I. Road, Jaipur",Jaipur,Budget Double Room1 double bed,0.0,70079.0,8410.0,0.0,2803.18,8.7,Fabulous,No,0.0,NO,NO,YES
80,Hotel Kalyan,"Ajmer Road, Jaipur",Jaipur,Semi Deluxe Double Room with Fan1 double bedNo prepayment needed – ,0.0,27632.0,3316.0,0.0,1105.29,7.4,Good,No,0.0,YES,YES,NO
81,FabHotel Rajwada Palace,"Civil Lines, Jaipur",Jaipur,Deluxe Room1 double bed,656927.0,420433.0,76630.0,236494.0,17752.25,5.6,Review Score,No,24.0,YES,NO,NO
82,Ramada By Wyndham Jaipur,"Raja Park, Jaipur",Jaipur,Double Non-Smoking Room1 double bedNo prepayment needed – ,0.0,700000.0,126000.0,0.0,29500.0,7.0,Good,No,262.0,YES,YES,NO
83,Marigold Inn- Homestay,"Civil Lines, Jaipur",Jaipur,Deluxe Room1 large double bedNo prepayment needed – ,0.0,70000.0,8400.0,0.0,2800.0,9.3,Superb,No,317.0,YES,YES,YES
84,Blue Beds Hostel,"C Scheme, Jaipur",Jaipur,Queen Double Room with Balcony1 large double bed,79477.0,46892.0,5627.0,32585.0,1875.68,9.0,Superb,No,871.0,YES,NO,NO
85,Dodas Palace by Asapin Hotels,"Raja Park, Jaipur",Jaipur,Superior Double Room1 double bed,0.0,53200.0,6384.0,0.0,2128.0,5.9,Review Score,No,246.0,YES,NO,NO
86,3 BHK Art Villa - Garuda by Lalluji Luxe,"Vaishali Nagar, Jaipur",Jaipur,Three-Bedroom VillaEntire villa • 3 bedrooms • 3 bathrooms • 1 kitchen • 372 m²3 extra-large double bedsNo prepayment needed – ,0.0,378444.0,68120.0,0.0,15948.71,0.0,Not Available,No,4.0,YES,YES,NO
87,InterContinental Jaipur Tonk Road by IHG,"Tonk Road, Jaipur",Jaipur,Classic Twin Room2 single beds,0.0,212871.0,38317.0,0.0,8971.0,8.8,Fabulous,No,544.0,NO,NO,NO
88,Fairfield by Marriott Jaipur,"Bani Park, Jaipur",Jaipur,Guest Room Twin Beds City View2 single bedsNo prepayment needed – ,0.0,251972.0,30237.0,0.0,10078.89,8.1,Very Good,No,383.0,YES,YES,NO
89,Jaipur Jantar Hostel,"M.I. Road, Jaipur",Jaipur,2×Rang 6 Bed AC Dorm 2 beds in dormitories2 bunk bedsNo prepayment needed – ,0.0,14000.0,1680.0,0.0,560.0,9.3,Superb,No,383.0,YES,YES,NO
90,Radisson Blu Jaipur,"Tonk Road, Jaipur",Jaipur,Superior Double or Twin- Non Smoking RoomBeds: 1 double or 2 singlesNo prepayment needed – ,0.0,195972.0,39194.0,0.0,8398.79,5.6,Review Score,No,703.0,YES,YES,NO
91,"Four Points by Sheraton Jaipur, City Square","Tonk Road, Jaipur",Jaipur,"Deluxe Twin Room ( 20% Dis on SPA, Laundry and Food & Soft Beverages only at The Eatery, Credit Meal of INR 1000/- in a the stay on Minimum bill amount of INR 2500/-)Multiple bed typesNo prepayment needed – ",0.0,153750.0,27675.0,0.0,6479.46,6.3,Review Score,No,487.0,YES,YES,NO
92,Hotel Maya international,"Bani Park, Jaipur",Jaipur,Double Room1 double bedNo prepayment needed – ,0.0,42000.0,5040.0,0.0,1680.0,6.5,Review Score,No,4.0,YES,YES,NO
93,Mosaics Guest House,"Amer, Jaipur",Jaipur,Deluxe Double Room1 large double bed,0.0,112000.0,13440.0,0.0,4480.0,9.5,Exceptional,No,40.0,YES,NO,YES
94,Jaipur Marriott Hotel,"Tonk Road, Jaipur",Jaipur,Deluxe King Room1 extra-large double bedNo prepayment needed – ,0.0,214972.0,38695.0,0.0,9059.54,8.3,Very Good,No,0.0,YES,YES,NO
95,Gypsy Monkey,"Station Road, Jaipur",Jaipur,Deluxe Room1 double bed,0.0,37775.0,4533.0,0.0,1511.0,8.1,Very Good,No,0.0,YES,NO,NO
96,Holiday Inn Jaipur City Centre by IHG,Jaipur,Jaipur,Standard Twin Room2 single beds,0.0,231435.0,41658.0,0.0,9753.32,8.3,Very Good,No,0.0,NO,NO,NO
97,Hotel Rangoli,"M.I. Road, Jaipur",Jaipur,Economy Double Room1 large double bed,35000.0,21000.0,2520.0,14000.0,840.0,6.9,Review Score,No,348.0,NO,NO,NO
98,Hotel O Morgan,Jaipur,Jaipur,Standard Double Room1 large double bedNo prepayment needed – ,39207.0,25485.0,3891.0,13722.0,1049.14,6.1,Review Score,No,84.0,YES,YES,NO
99,Super Townhouse Mansarovar Near Metro Station,Jaipur,Jaipur,Classic Triple Room1 large double bedNo prepayment needed – ,70648.0,45921.0,6463.0,24727.0,1870.86,1.5,Review Score,No,2.0,YES,YES,NO
100,Ramada by Wyndham Jaipur Jaisinghpura,Jaipur,Jaipur,Premium King Room (Non Smoking) 1 extra-large double bed,0.0,195972.0,23517.0,0.0,7838.89,6.5,Review Score,No,161.0,NO,NO,NO
101,VVIP ADDRESS 12 Jagatpura,Jaipur,Jaipur,One-Bedroom ApartmentEntire apartment • 1 bedroom • 1 bathroom • 1 kitchen • 42 m²1 double bedNo prepayment needed – ,41650.0,39568.0,4748.0,2082.0,1582.71,9.6,Exceptional,No,7.0,YES,YES,NO
102,Laxmi Palace Heritage Boutique Hotel,Jaipur,Jaipur,Deluxe Double or Twin Room Free Pick up on Arrival only from Train or Bus station (8am-8pm)Beds: 1 double or 2 singlesNo prepayment needed – ,159600.0,103740.0,12449.0,55860.0,4149.61,8.1,Very Good,No,0.0,YES,YES,YES
103,Cilantro Comfort Jaipur,Jaipur,Jaipur,Double Room1 double bedNo prepayment needed – ,0.0,196000.0,23520.0,0.0,7840.0,6.4,Review Score,No,5.0,YES,YES,NO
104,Vesta International,Jaipur,Jaipur,Royal Deluxe Double or Twin RoomBeds: 1 double or 2 singlesNo prepayment needed – ,102575.0,74880.0,8986.0,27695.0,2995.21,6.5,Review Score,No,151.0,YES,YES,NO
105,Holiday Inn Express & Suites Jaipur Gopalpura,Jaipur,Jaipur,Standard Twin Room2 single beds,0.0,132135.0,15856.0,0.0,5285.39,7.9,Good,No,392.0,NO,NO,YES
106,Hotel HS Inn Swiming Pool Room,"Malviya Nagar, Jaipur",Jaipur,Twin Room2 single bedsNo prepayment needed – ,0.0,71400.0,8568.0,0.0,2856.0,6.4,Review Score,No,8.0,YES,YES,NO
107,Townhouse C Scheme Ahinsa Circle,"C Scheme, Jaipur",Jaipur,Classic Triple Room1 large double bedNo prepayment needed – ,60736.0,39478.0,6047.0,21258.0,1625.89,4.5,Review Score,No,108.0,YES,YES,NO
108,Cygnett Park BL,"Vaishali Nagar, Jaipur",Jaipur,Superior King Room1 large double bed,0.0,95200.0,11424.0,0.0,3808.0,7.1,Good,No,83.0,YES,NO,NO
109,Horn Ok Please Hostel Jaipur,"M.I. Road, Jaipur",Jaipur,Double Room with Shared Bathroom1 extra-large double bed,0.0,41972.0,5037.0,0.0,1678.89,8.7,Fabulous,No,0.0,YES,NO,YES
110,Utsav Hotel,"Vaishali Nagar, Jaipur",Jaipur,Deluxe Double Room1 extra-large double bed • Cot always availableNo prepayment needed – ,0.0,42840.0,5141.0,0.0,1713.61,7.2,Good,No,5.0,YES,YES,NO
111,"ITC Rajputana, a Luxury Collection Hotel, Jaipur",Jaipur,Jaipur,Double Room - No View/Executive Club1 double bedNo prepayment needed – ,0.0,264000.0,47520.0,0.0,11125.71,8.7,Fabulous,No,646.0,YES,YES,YES
112,Umaid Mahal - A Heritage Style Boutique Hotel,"Bani Park, Jaipur",Jaipur,Royal Deluxe with Free Pick up on Arrival only from Train or Bus stationMultiple bed typesNo prepayment needed – ,0.0,130900.0,15708.0,0.0,5236.0,8.5,Very Good,No,0.0,YES,YES,NO
113,Housetel,"C Scheme, Jaipur",Jaipur,"Deluxe Double Room with Extra Bed2 beds (1 bunk bed, 1 large double)No prepayment needed – ",0.0,21000.0,2520.0,0.0,840.0,7.9,Good,No,240.0,YES,YES,NO
114,All Seasons Homestay,"Ajmer Road, Jaipur",Jaipur,Near Reception Deluxe Room1 large double bed,0.0,61600.0,7392.0,0.0,2464.0,9.4,Superb,No,570.0,YES,NO,NO
115,Hotel The Radiant Star,Jaipur,Jaipur,Deluxe Double Room with Bath1 large double bedNo prepayment needed – ,0.0,58643.0,7037.0,0.0,2345.71,9.7,Exceptional,No,12.0,YES,YES,NO
116,Jaipur View,Jaipur,Jaipur,2×Single Bed in Mixed Dormitory Room2 beds in dormitories2 single bedsNo prepayment needed – ,0.0,27944.0,3353.0,0.0,1117.75,6.8,Review Score,No,80.0,YES,YES,NO
117,FabHotel Signature Inn,"Malviya Nagar, Jaipur",Jaipur,Deluxe Room1 double bed,68321.0,43725.0,5247.0,24596.0,1749.0,8.8,Fabulous,No,0.0,YES,NO,NO
118,Hotel Arya Niwas,"M.I. Road, Jaipur",Jaipur,Value Room1 large double bed,0.0,100800.0,12096.0,0.0,4032.0,5.3,Review Score,No,47.0,YES,NO,YES
119,FabExpress Travelers Lodge,Jaipur,Jaipur,Deluxe Double Room1 double bed,46913.0,30024.0,3603.0,16889.0,1200.96,9.9,Exceptional,No,10.0,YES,NO,NO
120,Rudra The Stay,Jaipur,Jaipur,Double Room with Balcony1 extra-large double bedNo prepayment needed – ,0.0,52360.0,6283.0,0.0,2094.39,9.1,Superb,No,42.0,YES,YES,NO
121,Golden Peacock Heritage Home Stay,"Malviya Nagar, Jaipur",Jaipur,Deluxe Double Room with Balcony1 extra-large double bed,0.0,41972.0,5037.0,0.0,1678.89,4.6,Review Score,No,79.0,YES,NO,NO
122,Super Townhouse Bani Park formerly Aroma Residency,"Bani Park, Jaipur",Jaipur,Classic Triple Room1 large double bedNo prepayment needed – ,84064.0,54642.0,7509.0,29422.0,2219.68,4.3,Review Score,No,3.0,YES,YES,NO
123,Super Collection O Ramgarh Mod Near Hawa Mahal,"Amer Fort Road, Jaipur",Jaipur,Classic Triple Room1 large double bedNo prepayment needed – ,64830.0,42139.0,6009.0,22691.0,1719.57,8.9,Fabulous,No,7.0,YES,YES,NO
124,Super Collection O Kalyanpura Jaipur formerly Alpine,Jaipur,Jaipur,Classic Triple Room1 large double bedNo prepayment needed – ,73551.0,47808.0,6689.0,25743.0,1946.32,7.3,Good,No,46.0,YES,YES,NO
125,The Park Classic,Jaipur,Jaipur,"Executive Double Room2 beds (1 large double, 1 futon)",54200.0,48780.0,5854.0,5420.0,1951.21,7.9,Good,No,0.0,YES,NO,NO
126,Radisson Jaipur City Center,Jaipur,Jaipur,"Standard Room: (20% off on session of Spa, Enjoy Happy Hours 1+1 offer on Alcoholic Beverages  (Except Dragon House), Soft Beverages ,Laundry service)Multiple bed typesNo prepayment needed – ",0.0,1789.0,322056.0,0.0,11565.89,5.9,Review Score,No,139.0,YES,YES,NO
127,"Treebo The Royal CM, 4 Km From City Palace","Bani Park, Jaipur",Jaipur,Double Room1 extra-large double bedNo prepayment needed – ,310332.0,179993.0,21599.0,130339.0,7199.71,8.3,Very Good,No,963.0,YES,YES,YES
128,"The Hosteller Jaipur, Hathroi","Ajmer Road, Jaipur",Jaipur,Deluxe Double Room1 double bed,0.0,77732.0,9328.0,0.0,3109.29,7.9,Good,No,738.0,YES,NO,NO
129,Sarovar Premiere Jaipur,Jaipur,Jaipur,Deluxe King Room: Avail 20% discount on FNB & (1+1 Happy Hour from 1pm - 11pm on selected brands at Lattice Bar)1 double bed,0.0,134378.0,16125.0,0.0,5375.11,9.0,Superb,No,13.0,YES,NO,NO
130,Cygnett Style Ganga,Jaipur,Jaipur,Superior Double or Twin Room1 double bedNo prepayment needed – ,0.0,120400.0,14448.0,0.0,4816.0,9.0,Superb,No,345.0,YES,YES,NO
131,Blue King,"Bani Park, Jaipur",Jaipur,Budget Double Room1 large double bed,0.0,25172.0,3021.0,0.0,1006.89,6.4,Review Score,No,83.0,NO,NO,NO
132,Treebo Maharaja Residency,Jaipur,Jaipur,Double RoomMultiple bed typesNo prepayment needed – ,136502.0,79171.0,9501.0,57331.0,3166.86,6.1,Review Score,No,47.0,YES,YES,YES
133,FabHotel Shiv Rachna,Jaipur,Jaipur,Deluxe Room1 large double bed,67974.0,43503.0,5220.0,24471.0,1740.11,7.5,Good,No,36.0,YES,NO,NO
134,Chokhi Dhani The Ethnic 5-Star Deluxe Resort,"Tonk Road, Jaipur",Jaipur,Deluxe Room1 extra-large double bed,0.0,195972.0,23517.0,0.0,7838.89,5.7,Review Score,No,25.0,NO,NO,YES
135,Hotel LIV INN,Jaipur,Jaipur,Deluxe Double Room1 extra-large double bedNo prepayment needed – ,0.0,52053.0,6246.0,0.0,2082.11,4.6,Review Score,No,46.0,YES,YES,NO
136,FabHotel Surya Palace,Jaipur,Jaipur,Deluxe Room1 double bed,70105.0,44867.0,6336.0,25238.0,1828.68,8.1,Very Good,No,452.0,YES,NO,NO
137,Umaid Haveli-A Heritage Style Hotel & Resort,"Amer, Jaipur",Jaipur,Royal Deluxe- Enjoy 20% Discount of Spa Services Beds: 1 double or 2 singlesNo prepayment needed – ,0.0,166600.0,19992.0,0.0,6664.0,6.1,Review Score,No,28.0,YES,YES,YES
138,FabExpress Aloft,Jaipur,Jaipur,Deluxe Room1 double bed,59494.0,38076.0,5521.0,21418.0,1557.04,3.6,Review Score,No,16.0,YES,NO,NO
139,Hotel C-9,Jaipur,Jaipur,Deluxe Double Room1 large double bedNo prepayment needed – ,0.0,30517.0,3662.0,0.0,1220.68,9.0,Superb,No,69.0,YES,YES,NO
140,"BOBY HOME STAY ""BOBY MANSION"" Jaipur",Jaipur,Jaipur,Deluxe Double Room1 double bedNo prepayment needed – ,0.0,46200.0,5544.0,0.0,1848.0,1.0,Review Score,No,0.0,YES,YES,NO
141,1rk available for stay or rent,"Tonk Road, Jaipur",Jaipur,"Two-Bedroom Apartment3 beds (2 doubles, 1 sofa bed)No prepayment needed – ",0.0,11876.0,1425.0,0.0,475.04,6.8,Review Score,No,243.0,YES,YES,NO
142,FabHotel Fly View,Jaipur,Jaipur,Deluxe Room1 double bed,49464.0,31657.0,4919.0,17807.0,1306.29,6.3,Review Score,No,14.0,YES,NO,NO
143,hotel ashoka,Jaipur,Jaipur,2×Single Room2 single bedsNo prepayment needed – ,0.0,54692.0,6563.0,0.0,2187.68,4.6,Review Score,No,14.0,YES,YES,NO
144,HOTEL METRO REGENCY INN,Jaipur,Jaipur,Deluxe Double Room1 large double bed,40040.0,25480.0,3058.0,14560.0,1019.21,9.8,Exceptional,No,5.0,YES,NO,NO
145,Hotel Sunday Inn,Jaipur,Jaipur,Deluxe Room1 extra-large double bed,0.0,42000.0,5040.0,0.0,1680.0,5.6,Review Score,No,62.0,YES,NO,NO
146,Wlecome Grand Anukampa,"Shyam Nagar, Jaipur",Jaipur,Apartment1 double bedNo prepayment needed – ,0.0,89572.0,10749.0,0.0,3582.89,1.0,Review Score,No,3.0,YES,YES,NO
147,Super Collection O Govind Marg,"Shyam Nagar, Jaipur",Jaipur,Classic Triple Room1 large double bedNo prepayment needed – ,88091.0,57259.0,7585.0,30832.0,2315.86,3.8,Review Score,No,11.0,YES,YES,NO
148,Super My Stay Residency,"Malviya Nagar, Jaipur",Jaipur,Classic Triple Room1 large double bedNo prepayment needed – ,59911.0,38942.0,5625.0,20969.0,1591.68,0.0,Not Available,No,0.0,YES,YES,NO
149,Super Collection O Banipark formerly Arena Villas,Jaipur,Jaipur,Classic Triple Room1 large double bedNo prepayment needed – ,70043.0,45528.0,6415.0,24515.0,1855.11,0.0,Not Available,No,0.0,YES,YES,NO
150,"The Hosteller Rishikesh, Upper Tapovan","River Rafting in Rishikesh, Rishīkesh",Rishīkesh,Deluxe Double Room1 double bed,0.0,69790.0,8375.0,0.0,2791.61,8.4,Very Good,YES,0.0,YES,NO,NO
151,Hotel Royale Hills By RSP Vista Hotels & Resorts,"River Rafting in Rishikesh, Rishīkesh",Rishīkesh,Deluxe Room1 large double bedNo prepayment needed – ,0.0,98000.0,11760.0,0.0,3920.0,9.0,Superb,YES,0.0,YES,YES,NO
152,Joey's By The Ganges,"River Rafting in Rishikesh, Rishīkesh",Rishīkesh,Ganga View Double Room1 extra-large double bed,0.0,155686.0,18682.0,0.0,6227.43,8.7,Fabulous,YES,736.0,YES,NO,NO
153,ISOL Nature Resort,Rishīkesh,Rishīkesh,"Deluxe Triple Room2 beds (1 single, 1 extra-large double)No prepayment needed – ",0.0,118300.0,14196.0,0.0,4732.0,9.1,Superb,YES,25.0,YES,YES,NO
154,Bonfire Hostels Rishikesh,Rishīkesh,Rishīkesh,Standard Queen Room1 extra-large double bed,0.0,68491.0,8219.0,0.0,2739.64,8.3,Very Good,YES,201.0,YES,NO,NO
155,Madpackers Rishikesh Laxman Jhula,"River Rafting in Rishikesh, Rishīkesh",Rishīkesh,Deluxe Double Room1 double bed,0.0,280376.0,50468.0,0.0,11815.86,8.9,Fabulous,YES,565.0,YES,NO,NO
156,Back Stayz Hostel,"River Rafting in Rishikesh, Rishīkesh",Rishīkesh,Deluxe Double Room1 large double bed,0.0,33497.0,4020.0,0.0,1339.89,8.7,Fabulous,YES,359.0,YES,NO,NO
157,"Prithvi Hotel Upper Tapovan - Aesthetic Rooms With Netflix, AC, Good Light, Free Airport Pickup for Min 7 Days Booking","River Rafting in Rishikesh, Rishīkesh",Rishīkesh,Standard Queen Room1 single bedNo prepayment needed – ,0.0,69972.0,8397.0,0.0,2798.89,0.0,Not Available,YES,2.0,YES,YES,NO
158,Hotel Holy Vivasa,Rishīkesh,Rishīkesh,Deluxe Double Room1 extra-large double bed,0.0,166725.0,20007.0,0.0,6669.0,8.7,Fabulous,YES,294.0,NO,NO,NO
159,"The Hosteller Rishikesh, Ganges","River Rafting in Rishikesh, Rishīkesh",Rishīkesh,Deluxe Double Room1 double bed,0.0,78832.0,9460.0,0.0,3153.29,7.9,Good,YES,164.0,YES,NO,NO
160,The Blue Jay Hostel - Dorms & Rooms,"River Rafting in Rishikesh, Rishīkesh",Rishīkesh,Standard Double Room1 extra-large double bed,0.0,137416.0,16490.0,0.0,5496.64,8.6,Fabulous,YES,0.0,YES,NO,NO
161,"Hide-In Rishikesh, Laxman Jhula","River Rafting in Rishikesh, Rishīkesh",Rishīkesh,Double Room with Garden View1 single bed,0.0,60465.0,7256.0,0.0,2418.61,8.0,Very Good,YES,174.0,YES,NO,NO
162,Perfectstayz Laxmi Heritage,"River Rafting in Rishikesh, Rishīkesh",Rishīkesh,Junior SuitePrivate suite1 large double bedNo prepayment needed – ,0.0,128400.0,15408.0,0.0,5136.0,8.2,Very Good,YES,89.0,YES,YES,NO
163,Yogved Hospitality & Resort,"River Rafting in Rishikesh, Rishīkesh",Rishīkesh,Standard Double Room1 double bed,199024.0,137327.0,16479.0,61697.0,5493.07,7.6,Good,YES,115.0,NO,NO,NO
164,Hotel Lords Valley Rishikesh,"River Rafting in Rishikesh, Rishīkesh",Rishīkesh,Deluxe Double Room1 double bedNo prepayment needed – ,236000.0,153400.0,18408.0,82600.0,6136.0,9.6,Exceptional,YES,5.0,YES,YES,NO
165,HOG - House of Gypsy,"River Rafting in Rishikesh, Rishīkesh",Rishīkesh,Budget Double Room1 large double bed,0.0,70542.0,8465.0,0.0,2821.68,8.1,Very Good,YES,327.0,YES,NO,NO
166,"Lamrin Boutique Cottages, Rishikesh",Rishīkesh,Rishīkesh,Superior Double Room1 extra-large double bed,0.0,367479.0,66146.0,0.0,15486.61,9.2,Superb,YES,129.0,YES,NO,YES
167,Hotel Dream Inn,"River Rafting in Rishikesh, Rishīkesh",Rishīkesh,Deluxe Room1 double bed,0.0,164255.0,19711.0,0.0,6570.21,8.0,Very Good,YES,75.0,YES,NO,NO
168,Joey's Hostel Rishikesh,"River Rafting in Rishikesh, Rishīkesh",Rishīkesh,Deluxe Double Room1 extra-large double bed,0.0,59423.0,7131.0,0.0,2376.93,8.5,Very Good,YES,935.0,YES,NO,NO
169,Moustache Rishikesh Luxuria,"River Rafting in Rishikesh, Rishīkesh",Rishīkesh,Deluxe Twin Room2 single beds,0.0,153942.0,18473.0,0.0,6157.68,7.9,Good,YES,0.0,NO,NO,YES
170,"Hotel Nirvana Bliss, Behind Parmarth Niketan",Rishīkesh,Rishīkesh,Deluxe Room1 double bed,0.0,107240.0,12869.0,0.0,4289.61,8.1,Very Good,YES,49.0,NO,NO,NO
171,Montreal by Madhuban Inn,Rishīkesh,Rishīkesh,Deluxe Room1 extra-large double bed,0.0,144324.0,17319.0,0.0,5772.96,8.0,Very Good,YES,132.0,NO,NO,NO
172,Divya Hotel,"River Rafting in Rishikesh, Rishīkesh",Rishīkesh,Standard Double Room with Fan1 large double bedNo prepayment needed – ,0.0,30023.0,3603.0,0.0,1200.93,8.1,Very Good,No,26.0,YES,YES,NO
173,Aloha On The Ganges by Leisure Hotels,"River Rafting in Rishikesh, Rishīkesh",Rishīkesh,"One-Bedroom Apartment Entire apartment • 1 bedroom • 1 bathroom • 68m²2 beds (1 extra-large double, 1 sofa bed)No prepayment needed – ",0.0,458190.0,82474.0,0.0,19309.43,7.9,Good,No,345.0,YES,YES,YES
174,Shalom Backpackers Rishikesh,"River Rafting in Rishikesh, Rishīkesh",Rishīkesh,Standard Double Room1 double bedNo prepayment needed – ,0.0,72114.0,8654.0,0.0,2884.57,8.0,Very Good,No,903.0,YES,YES,NO
175,Euphoric River Resort,Rishīkesh,Rishīkesh,Deluxe Room1 double bed,182520.0,146016.0,17522.0,36504.0,5840.64,7.0,Good,No,332.0,YES,NO,NO
176,Hotel Ishan - A Ganges Riverside Retreat by Salvus,"River Rafting in Rishikesh, Rishīkesh",Rishīkesh,Superior Double Room1 double bed,0.0,210000.0,25200.0,0.0,8400.0,7.7,Good,No,39.0,YES,NO,NO
177,"Skyard Premium, Tapovan","River Rafting in Rishikesh, Rishīkesh",Rishīkesh,Budget Double Room1 double bed,0.0,45335.0,5440.0,0.0,1813.39,7.9,Good,No,246.0,YES,NO,NO
178,Back Stayz laxman jhula Apartments,"River Rafting in Rishikesh, Rishīkesh",Rishīkesh,"Two-Bedroom ApartmentEntire apartment • 2 bedrooms • 1 living room • 2 bathrooms • 58m²3 beds (1 sofa bed, 2 large doubles)No prepayment needed – ",0.0,133261.0,15991.0,0.0,5330.43,0.0,Not Available,No,4.0,YES,YES,NO
179,Green View by Green Tree Hotels,Rishīkesh,Rishīkesh,Executive King1 double bed,180671.0,146343.0,17561.0,34328.0,5853.71,7.9,Good,No,496.0,NO,NO,NO
180,Terrakotta Rishikesh,"River Rafting in Rishikesh, Rishīkesh",Rishīkesh,Deluxe Double Room1 extra-large double bed,0.0,182410.0,21889.0,0.0,7296.39,8.6,Fabulous,No,562.0,YES,NO,NO
181,"GANGA KINARE- A Riverside Boutique Resort, Rishikesh",Rishīkesh,Rishīkesh,Deluxe Room Partial River ViewBeds: 1 double or 2 singles,0.0,425600.0,76608.0,0.0,17936.0,8.7,Fabulous,No,339.0,YES,NO,YES
182,Shubhra Heights Rishikesh !! Near Laxman Jhulla # Near Bus Stand & Railway Station # Prime Location Tapovan,"River Rafting in Rishikesh, Rishīkesh",Rishīkesh,Double Room1 extra-large double bedNo prepayment needed – ,0.0,140000.0,16800.0,0.0,5600.0,9.1,Superb,No,20.0,YES,YES,NO
183,PerfectStayz B2L Hills Tapovan,"River Rafting in Rishikesh, Rishīkesh",Rishīkesh,Deluxe Double Room1 extra-large double bedNo prepayment needed – ,143000.0,64350.0,7722.0,78650.0,2574.0,7.5,Good,No,521.0,YES,YES,NO
184,Rudram Hotel Yoga & Ayurveda Retreat,"River Rafting in Rishikesh, Rishīkesh",Rishīkesh,Deluxe Double or Twin Room with Balcony1 extra-large double bed,0.0,75600.0,9072.0,0.0,3024.0,8.9,Fabulous,No,444.0,NO,NO,NO
185,Yog Niketan By Sanskriti,Rishīkesh,Rishīkesh,Deluxe Ganga View 1 extra-large double bed,0.0,378000.0,68040.0,0.0,15930.0,8.9,Fabulous,No,444.0,YES,NO,YES
186,Nature Villa,Rishīkesh,Rishīkesh,Double Room1 large double bedNo prepayment needed – ,0.0,43435.0,5212.0,0.0,1737.39,8.1,Very Good,No,183.0,YES,YES,NO
187,Aloha Apartments by blissful Ganges,"River Rafting in Rishikesh, Rishīkesh",Rishīkesh,Deluxe Double StudioEntire studio • 1 bathroom1 large double bed,0.0,284760.0,51257.0,0.0,12000.61,7.8,Good,No,197.0,YES,NO,NO
188,Sterling Palm Bliss - Rishikesh,Rishīkesh,Rishīkesh,Classic Double Room1 extra-large double bed,307494.0,276745.0,49814.0,30749.0,11662.82,8.4,Very Good,No,196.0,NO,NO,YES
189,Hotel The Vilana A Unit of JG Developers Rishikesh,Rishīkesh,Rishīkesh,Deluxe Double Room1 double bed,0.0,139972.0,16797.0,0.0,5598.89,8.0,Very Good,No,124.0,YES,NO,NO
190,Hotel Rishikesh Grand by Kool Stays,"River Rafting in Rishikesh, Rishīkesh",Rishīkesh,Deluxe Double Room1 extra-large double bed,121030.0,96824.0,11619.0,24206.0,3872.96,6.2,Review Score,No,370.0,NO,NO,NO
191,Hotel Yog Vashishth,Rishīkesh,Rishīkesh,Superior Room1 extra-large double bed,0.0,116160.0,13939.0,0.0,4646.39,8.4,Very Good,No,149.0,YES,NO,NO
192,Taj Rishikesh Resort & Spa Uttarakhand,Rishīkesh,Rishīkesh,Superior King Room1 extra-large double bed,0.0,1152.0,207360.0,0.0,7446.86,9.2,Superb,No,190.0,YES,NO,YES
193,Arogyadham Wellness Retreat,"River Rafting in Rishikesh, Rishīkesh",Rishīkesh,Classic Room1 extra-large double bed,148540.0,120317.0,14438.0,28223.0,4812.68,7.2,Good,No,149.0,NO,NO,NO
194,Pride Hotel And Resort Rishikesh,"River Rafting in Rishikesh, Rishīkesh",Rishīkesh,Deluxe Room1 large double bedNo prepayment needed – ,0.0,152880.0,18346.0,0.0,6115.21,8.2,Very Good,No,37.0,YES,YES,NO
195,Kinwani House by Aalia Collection,Rishīkesh,Rishīkesh,Junior Campaign SuitePrivate suite1 double bed,0.0,1253.0,225634.0,0.0,8103.11,0.0,Not Available,No,11.0,NO,NO,YES
196,Raj Cottage Ganga Vatika,Rishīkesh,Rishīkesh,Deluxe Double or Twin Room2 single beds,0.0,83276.0,9993.0,0.0,3331.04,9.2,Superb,No,199.0,YES,NO,YES
197,"Skyard Rishikesh, Laxman Jhula","River Rafting in Rishikesh, Rishīkesh",Rishīkesh,Budget Double Room1 double bed,0.0,68040.0,8165.0,0.0,2721.61,6.8,Review Score,No,358.0,NO,NO,NO
198,Antalya Rishikesh,"River Rafting in Rishikesh, Rishīkesh",Rishīkesh,King Room with Garden View1 single bed,0.0,235200.0,42336.0,0.0,9912.0,7.7,Good,No,71.0,YES,NO,NO
199,Hotel O Balaknath Temple Road Tapovan,"River Rafting in Rishikesh, Rishīkesh",Rishīkesh,Standard Double Room1 large double bedNo prepayment needed – ,79718.0,51816.0,7170.0,27902.0,2106.64,6.4,Review Score,No,44.0,YES,YES,NO
200,Neemrana's Glasshouse on the Ganges,Rishīkesh,Rishīkesh,Hideaway Machan Room1 double bed,0.0,352800.0,63504.0,0.0,14868.0,8.6,Fabulous,No,183.0,YES,NO,YES
201,Super Hotel O Tapovan Rise cottages and cafe,"River Rafting in Rishikesh, Rishīkesh",Rishīkesh,Classic Triple Room1 large double bedNo prepayment needed – ,104854.0,68155.0,9131.0,36699.0,2760.21,8.3,Very Good,No,14.0,YES,YES,NO
202,The Tapovan Hills,Rishīkesh,Rishīkesh,Deluxe King Room1 double bedNo prepayment needed – ,0.0,55637.0,6676.0,0.0,2225.46,7.6,Good,No,148.0,YES,YES,YES
203,The Neeraj Naturecure On Ganga,Rishīkesh,Rishīkesh,Deluxe Room1 double bed,0.0,226800.0,40824.0,0.0,9558.0,8.0,Very Good,No,44.0,YES,NO,YES
204,The Neeraj River Forest Resort Ayurvedic Wellness Center,Rishīkesh,Rishīkesh,Superior Double Room1 double bed,203228.0,164615.0,19754.0,38613.0,6584.61,7.9,Good,No,105.0,YES,NO,NO
205,Rishikesh holiday Home,"River Rafting in Rishikesh, Rishīkesh",Rishīkesh,Deluxe Double Room (2 Adults + 1 Child)2 double beds,0.0,31654.0,3798.0,0.0,1266.14,8.6,Fabulous,No,24.0,NO,NO,NO
206,"Hotel Dhakad Gold - Tapovan, Rishikesh","River Rafting in Rishikesh, Rishīkesh",Rishīkesh,Standard Double Room1 large double bedNo prepayment needed – ,0.0,91800.0,11016.0,0.0,3672.0,7.7,Good,No,61.0,YES,YES,NO
207,Kunwar Residency,"River Rafting in Rishikesh, Rishīkesh",Rishīkesh,Standard Double Room1 double bed,0.0,129916.0,15590.0,0.0,5196.64,8.1,Very Good,No,110.0,YES,NO,NO
208,Live Free Hostel Rishikesh,"River Rafting in Rishikesh, Rishīkesh",Rishīkesh,Standard Double Room1 double bed,0.0,68780.0,8254.0,0.0,2751.21,8.5,Very Good,No,971.0,YES,NO,NO
209,Hotel O Tapovan Near Deacon Valley,"River Rafting in Rishikesh, Rishīkesh",Rishīkesh,Standard Double Room1 large double bedNo prepayment needed – ,65839.0,42795.0,6087.0,23044.0,1745.79,5.9,Review Score,No,42.0,YES,YES,NO
210,The Ayali Riverside Resort,Rishīkesh,Rishīkesh,Double Room1 extra-large double bed,0.0,222000.0,39960.0,0.0,9355.71,8.7,Fabulous,No,67.0,YES,NO,NO
211,The Naga Rishikesh,Rishīkesh,Rishīkesh,Deluxe Room1 double bedNo prepayment needed – ,0.0,151200.0,18144.0,0.0,6048.0,7.7,Good,No,71.0,YES,YES,NO
212,MR River Resort - Mohanchatti Rishikesh,Rishīkesh,Rishīkesh,Deluxe Double Room1 extra-large double bedNo prepayment needed – ,347735.0,243414.0,43815.0,104321.0,10258.18,9.2,Superb,No,32.0,YES,YES,YES
213,"FabHotel Yamunotri Retreat, Tapovan","River Rafting in Rishikesh, Rishīkesh",Rishīkesh,Deluxe Room1 double bedNo prepayment needed – ,0.0,79993.0,10719.0,0.0,3239.71,7.7,Good,No,136.0,YES,YES,NO
214,Super Townhouse Oak Tapovan,"River Rafting in Rishikesh, Rishīkesh",Rishīkesh,Classic Triple Room1 large double bedNo prepayment needed – ,104357.0,67832.0,9092.0,36525.0,2747.29,6.1,Review Score,No,68.0,YES,YES,NO
215,Hotel The Mountain View,"River Rafting in Rishikesh, Rishīkesh",Rishīkesh,Budget Double Room1 large double bedNo prepayment needed – ,0.0,100775.0,12093.0,0.0,4031.0,8.0,Very Good,No,201.0,YES,YES,NO
216,Hotel Foothill by Around stays,"River Rafting in Rishikesh, Rishīkesh",Rishīkesh,Deluxe Double Room1 double bedNo prepayment needed – ,0.0,64260.0,7711.0,0.0,2570.39,7.5,Good,No,34.0,YES,YES,NO
217,Yogvan Luxury 1BHK Apartments Tapovan Rishikesh,"River Rafting in Rishikesh, Rishīkesh",Rishīkesh,"Studio with BalconyEntire studio • 1 bathroom • 1 kitchen • 48m²3 beds (1 extra-large double, 2 sofa beds)",0.0,70050.0,8406.0,0.0,2802.0,9.1,Superb,No,55.0,YES,NO,NO
218,"Atali Ganga Resort, Rishikesh",Rishīkesh,Rishīkesh,"Independent Cottage with Pvt Patio - Morning & evening tea with cookies,Welcome drink upon arrival, One complimentary hike amidst nature, One yoga session, 15% discount on food and beverageEntire bungalow • 1 bedroom • 1 bathroom • 23m²2 beds (1 large double, 1 futon)",482500.0,434250.0,78165.0,48250.0,18300.54,8.7,Fabulous,No,16.0,YES,NO,YES
219,Traveller's Paradise-Mountain View By Around Stays,"River Rafting in Rishikesh, Rishīkesh",Rishīkesh,Deluxe Double Room with Balcony1 double bedNo prepayment needed – ,0.0,71400.0,8568.0,0.0,2856.0,7.8,Good,No,14.0,YES,YES,NO
220,The Neeraj Ganga Heritage Palace,Rishīkesh,Rishīkesh,Deluxe Double Room1 extra-large double bed,0.0,294840.0,53071.0,0.0,12425.39,8.3,Very Good,No,108.0,YES,NO,YES
221,Holy River Hotel,"River Rafting in Rishikesh, Rishīkesh",Rishīkesh,Deluxe Room1 extra-large double bedNo prepayment needed – ,0.0,146832.0,17620.0,0.0,5873.29,8.9,Fabulous,No,144.0,YES,YES,NO
222,Anand Kashi by the Ganges Rishikesh - IHCL Seleqtions,Rishīkesh,Rishīkesh,Deluxe Room with Ganges View1 extra-large double bed,0.0,1386.0,249480.0,0.0,8959.5,9.5,Exceptional,No,84.0,YES,NO,YES
223,"Raga on the Ganges, Rishikesh",Rishīkesh,Rishīkesh,Mountain View RoomMultiple bed types,0.0,433994.0,78119.0,0.0,18289.75,8.3,Very Good,No,180.0,YES,NO,YES
224,Yogvan Holidays 1BHK Apartments Tapovan Rishikesh,"River Rafting in Rishikesh, Rishīkesh",Rishīkesh,"One-Bedroom Premium ApartmentEntire apartment • 1 bedroom • 1 living room • 1 bathroom • 1 kitchen • 67m²3 beds (1 extra-large double, 2 sofa beds)",0.0,73220.0,8786.0,0.0,2928.79,8.9,Fabulous,No,35.0,NO,NO,NO
225,Hotel Royal Tej Plaza Near IGI Airport Delhi,New Delhi,New+Delhi,Deluxe Double Room1 extra-large double bedNo prepayment needed – ,57935.0,23174.0,2781.0,34761.0,926.96,7.0,Good,No,54.0,YES,YES,YES
226,Hotel J Joy - Karol Bagh,"Karol bagh, New Delhi",New+Delhi,Deluxe King Room1 extra-large double bedNo prepayment needed – ,0.0,21785.0,2614.0,0.0,871.39,7.2,Good,No,9.0,YES,YES,NO
227,Hotel Comfort Palace - Paschim Vihar,"West Delhi, New Delhi",New+Delhi,Double Room with Private Bathroom1 extra-large double bedNo prepayment needed – ,0.0,46648.0,5598.0,0.0,1865.93,6.8,Review Score,No,200.0,YES,YES,NO
228,Hotel Sita International,"Paharganj, New Delhi",New+Delhi,Deluxe Double or Twin RoomBeds: 1 double or 2 singlesNo prepayment needed – ,137200.0,43904.0,5268.0,93296.0,1756.14,6.5,Review Score,No,238.0,YES,YES,NO
229,Bunk Hostel Delhi Best Backpacking Accommodation,"Paharganj, New Delhi",New+Delhi,Deluxe Double Room1 large double bedNo prepayment needed – ,0.0,80920.0,9710.0,0.0,3236.79,8.2,Very Good,No,5.0,YES,YES,NO
230,Hotel Tej Palace Delhi Airport,New Delhi,New+Delhi,Deluxe Double Room1 extra-large double bedNo prepayment needed – ,0.0,62698.0,7524.0,0.0,2507.93,9.2,Superb,No,5.0,YES,YES,YES
231,FabHotel RS Gera - Nr Nehru Place Market,New Delhi,New+Delhi,Deluxe Room1 double bedNo prepayment needed – ,73594.0,47100.0,6772.0,26494.0,1924.0,9.4,Superb,No,0.0,YES,YES,NO
232,Holiday Inn New Delhi International Airport by IHG,"Aerocity, New Delhi",New+Delhi,Standard King Room - Disability Access1 extra-large double bed,0.0,313760.0,62752.0,0.0,13446.86,3.9,Review Score,No,33.0,NO,NO,NO
233,FabExpress The Arrow,"Greater Kailash 1, New Delhi",New+Delhi,Deluxe Room1 double bedNo prepayment needed – ,0.0,80211.0,10577.0,0.0,3242.43,6.6,Review Score,No,42.0,YES,YES,NO
234,Hotel Classy - Nizamuddin Railway Station,New Delhi,New+Delhi,King Room with Balcony1 extra-large double bedNo prepayment needed – ,0.0,22568.0,2708.0,0.0,902.71,7.0,Good,No,0.0,YES,YES,NO
235,ibis New Delhi Aerocity - An Accor Brand,"Aerocity, New Delhi",New+Delhi,Standard Queen Room1 large double bed,0.0,218800.0,39384.0,0.0,9220.86,0.0,Not Available,No,0.0,YES,NO,NO
236,Hotel SSD Tork Plaza Near IGI Airport Delhi,New Delhi,New+Delhi,Deluxe Double Room1 extra-large double bedNo prepayment needed – ,88175.0,35270.0,4232.0,52905.0,1410.79,9.0,Superb,No,2.0,YES,YES,YES
237,Arnav Home,"Rohini, New Delhi",New+Delhi,"Deluxe One-Bedroom Apartment with City ViewEntire apartment • 1 bedroom • 1 bathroom • 1 kitchen • 200 m²2 beds (1 single, 1 extra-large double)No prepayment needed – ",0.0,56000.0,6720.0,0.0,2240.0,8.9,Fabulous,No,61.0,YES,YES,NO
238,Hotel Geet Deluxe at New Delhi Railway Station,"Paharganj, New Delhi",New+Delhi,Deluxe Double Room1 double bedNo prepayment needed – ,0.0,75600.0,9072.0,0.0,3024.0,8.5,Very Good,No,271.0,YES,YES,NO
239,Family Hotel Leo,"Paharganj, New Delhi",New+Delhi,Budget Double Room1 large double bedNo prepayment needed – ,0.0,23800.0,2856.0,0.0,952.0,7.1,Good,No,29.0,YES,YES,NO
240,Cp Villa - Rooms with Patio,New Delhi,New+Delhi,"King Room with Balcony3 beds (1 extra-large double, 2 futons)",0.0,166600.0,19992.0,0.0,6664.0,7.6,Good,No,40.0,YES,NO,NO
241,Hotel Royal Villa Luxury Rooms In Hauz Khas,"Hauz Khas, New Delhi",New+Delhi,Superior King Room1 extra-large double bedNo prepayment needed – ,0.0,28050.0,3366.0,0.0,1122.0,6.0,Review Score,No,0.0,YES,YES,NO
242,Hotel TEJ Plaza Near IGI Airport Delhi,"Aerocity, New Delhi",New+Delhi,Deluxe Double Room1 extra-large double bedNo prepayment needed – ,81172.0,20293.0,2435.0,60879.0,811.71,9.3,Superb,No,339.0,YES,YES,YES
243,Hotel BMK BY JPM - Greater Kailash,New Delhi,New+Delhi,One-Bedroom Apartment1 double bedNo prepayment needed – ,0.0,71400.0,8568.0,0.0,2856.0,5.8,Review Score,No,0.0,YES,YES,NO
244,"The Ashok, New Delhi","Chanakyapuri, New Delhi",New+Delhi,Standard Room1 large double bed,0.0,277172.0,49891.0,0.0,11680.82,6.0,Review Score,No,311.0,YES,NO,YES
245,Zaza Stay,New Delhi,New+Delhi,Deluxe Double or Twin Room with Balcony2 single bedsNo prepayment needed – ,0.0,139972.0,16797.0,0.0,5598.89,4.6,Review Score,No,67.0,YES,YES,NO
246,The Park New Delhi,"Connaught Place, New Delhi",New+Delhi,Luxury Room with breakfast 1 large double bed,0.0,307972.0,55435.0,0.0,12978.82,8.8,Fabulous,No,0.0,YES,NO,YES
247,Hotel Southern,"Karol bagh, New Delhi",New+Delhi,Deluxe Room ( annexure building )Beds: 1 double or 2 singlesNo prepayment needed – ,0.0,76136.0,9136.0,0.0,3045.43,8.5,Very Good,No,2.0,YES,YES,NO
248,The Palm Spring a Boutique Hotel Naraina New Delhi,New Delhi,New+Delhi,Deluxe Double Room (2 Adults + 1 Child)1 large double bedNo prepayment needed – ,182000.0,100100.0,12012.0,81900.0,4004.0,7.8,Good,No,0.0,YES,YES,NO
249,"The Connaught, New Delhi- IHCL SeleQtions","Connaught Place, New Delhi",New+Delhi,Double Room1 large double bed,0.0,261800.0,47124.0,0.0,11033.0,5.2,Review Score,No,30.0,YES,NO,NO
250,Deventure Sarovar Portico Patel Nagar,"West Delhi, New Delhi",New+Delhi,Executive Twin RoomNo prepayment needed – ,0.0,138575.0,16629.0,0.0,5543.0,9.1,Superb,No,186.0,YES,YES,NO
251,Novotel New Delhi Aerocity,"Aerocity, New Delhi",New+Delhi,Standard King Room with Free WiFi1 double bedNo prepayment needed – ,0.0,336000.0,60480.0,0.0,14160.0,5.5,Review Score,No,2.0,YES,YES,NO
252,Hotel Diamond,"Paharganj, New Delhi",New+Delhi,"Deluxe Double Room6 beds (3 singles, 2 doubles, 1 extra-large double)No prepayment needed – ",33460.0,30114.0,3614.0,3346.0,1204.57,5.6,Review Score,No,93.0,YES,YES,NO
253,Bungalow 157,New Delhi,New+Delhi,Double Room with Balcony1 extra-large double bedNo prepayment needed – ,0.0,167972.0,20157.0,0.0,6718.89,5.8,Review Score,No,44.0,YES,YES,YES
254,"Diplomat luxury home stay in private apartment with kitchen, washroom, wifi , Android tv, fridge in cream location of posh south delhi foreiner area of lajpat nagar, safst locality of Delhi for single females",New Delhi,New+Delhi,"Deluxe Room2 beds (1 single, 1 double)",0.0,45927.0,5511.0,0.0,1837.07,2.5,Review Score,No,2.0,YES,NO,NO
255,"Clay Inn Hotels, Paschim Vihar","Pashim Vihar, New Delhi",New+Delhi,Deluxe 1 double bedNo prepayment needed – ,0.0,126000.0,15120.0,0.0,5040.0,5.5,Review Score,No,0.0,YES,YES,NO
256,Collection O Hamilton Hotel,"South Delhi, New Delhi",New+Delhi,Classic Triple Room1 large double bedNo prepayment needed – ,101236.0,65803.0,9206.0,35433.0,2678.89,6.4,Review Score,No,691.0,YES,YES,NO
257,FabExpress The Paradise - Nr Apollo Hospital,"Okhla, New Delhi",New+Delhi,Deluxe Room1 double bedNo prepayment needed – ,78810.0,50438.0,6053.0,28372.0,2017.54,6.6,Review Score,No,405.0,YES,YES,NO
258,Hotel Shivlok Palace Deluxe,"Paharganj, New Delhi",New+Delhi,"Deluxe Double Room3 beds (1 single, 1 double, 1 extra-large double)No prepayment needed – ",0.0,27132.0,3256.0,0.0,1085.29,9.1,Superb,No,336.0,YES,YES,YES
259,Hotel The Royal Plaza,New Delhi,New+Delhi,Standard Double Room - 15 % Discount on Food & Beverages1 extra-large double bed,0.0,233789.0,42082.0,0.0,9852.54,6.0,Review Score,No,193.0,NO,NO,NO
260,Jaypee Siddharth,"West Delhi, New Delhi",New+Delhi,"Deluxe Double or Twin Room with 15% off on food & soft beverages, complimentary sauna and steam once during the stay, early check in and late check out by 4 hrsBeds: 1 double or 2 singles",0.0,260915.0,46965.0,0.0,10995.71,8.5,Very Good,No,82.0,NO,NO,NO
261,Hotel Amar International,"Paharganj, New Delhi",New+Delhi,Standard Double or Twin Room1 double bedNo prepayment needed – ,55972.0,33583.0,4030.0,22389.0,1343.32,6.8,Review Score,No,44.0,YES,YES,NO
262,Bungalow 99,New Delhi,New+Delhi,Double Room1 large double bedNo prepayment needed – ,0.0,167972.0,20157.0,0.0,6718.89,8.5,Very Good,No,0.0,YES,YES,YES
263,Airport Hotel Golden Bliss Near Delhi Airport,"Mahipalpur, New Delhi",New+Delhi,Budget Double Room1 double bedNo prepayment needed – ,0.0,62748.0,7530.0,0.0,2509.93,4.7,Review Score,No,36.0,YES,YES,NO
264,Townhouse CR Park Near Lotus Temple,New Delhi,New+Delhi,Classic Triple Room1 large double bedNo prepayment needed – ,87163.0,56656.0,7751.0,30507.0,2300.25,7.9,Good,No,0.0,YES,YES,NO
265,Hotel Sohana Palace Near New Delhi Railway Station and Connaught Place,"Paharganj, New Delhi",New+Delhi,Double Room1 double bedNo prepayment needed – ,0.0,126000.0,15120.0,0.0,5040.0,7.1,Good,No,88.0,YES,YES,NO
266,FabExpress Rama,"Rohini, New Delhi",New+Delhi,Deluxe Room1 double bedNo prepayment needed – ,81299.0,52031.0,6804.0,29268.0,2101.25,5.6,Review Score,No,35.0,YES,YES,NO
267,Aloft New Delhi Aerocity,"Aerocity, New Delhi",New+Delhi,"1 King Bed, City View, Aloft Room1 extra-large double bedNo prepayment needed – ",0.0,323700.0,58266.0,0.0,13641.64,6.6,Review Score,No,367.0,YES,YES,NO
268,Collection O Lotus Bed & Breakfast,New Delhi,New+Delhi,Standard Double Room1 large double bedNo prepayment needed – ,62543.0,40653.0,6306.0,21890.0,1677.11,6.0,Review Score,No,74.0,YES,YES,NO
269,"Ambassador, New Delhi - IHCL SeleQtions",New Delhi,New+Delhi,"Superior Room Queen Bed with 15% off on Food and Soft Beverages, Happy Hours (Buy 1 & Get 1) on select menu at InSomnia1 large double bed",0.0,251477.0,45266.0,0.0,10597.96,9.8,Exceptional,No,508.0,YES,NO,NO
270,Super Hotel O Alipur Narela,"North Delhi, New Delhi",New+Delhi,Classic Triple Room1 large double bedNo prepayment needed – ,66213.0,43038.0,6117.0,23175.0,1755.54,8.2,Very Good,No,496.0,YES,YES,NO
271,Chowdhry Tourist Lodge - New Delhi Railway Station - 2 minutes walk,"Paharganj, New Delhi",New+Delhi,Deluxe Double Room (2 Adults + 1 Child)1 large double bedNo prepayment needed – ,0.0,27418.0,3290.0,0.0,1096.71,5.8,Review Score,No,53.0,YES,YES,NO
272,Tivoli Grand Resort,"North Delhi, New Delhi",New+Delhi,Deluxe Double Room1 double bedNo prepayment needed – ,0.0,195985.0,23518.0,0.0,7839.39,6.3,Review Score,No,240.0,YES,YES,NO
273,The Umrao,"South West, New Delhi",New+Delhi,Deluxe Double or Twin Room1 double bed,0.0,455000.0,81900.0,0.0,19175.0,1.5,Review Score,No,2.0,YES,NO,NO
274,Hotel Shiva Intercontinental - New Delhi Railway Station - Paharganj,"Paharganj, New Delhi",New+Delhi,Standard Double Room1 double bedNo prepayment needed – ,105815.0,52907.0,6349.0,52908.0,2116.29,6.2,Review Score,No,208.0,YES,YES,NO
275,Hotel The Param Continental-Couple friendly-Libaspur-G T Karnal Road,"North Delhi, New Delhi",New+Delhi,Superior King Room1 extra-large double bedNo prepayment needed – ,0.0,42000.0,5040.0,0.0,1680.0,4.9,Review Score,No,27.0,YES,YES,NO
276,Tatvamasi Homestay,New Delhi,New+Delhi,Deluxe Double Room1 large double bedNo prepayment needed – ,0.0,85796.0,10296.0,0.0,3431.86,6.8,Review Score,No,67.0,YES,YES,NO
277,Ginger East Delhi,New Delhi,New+Delhi,Standard Room1 single bed,0.0,120372.0,14445.0,0.0,4814.89,7.5,Good,No,24.0,NO,NO,NO
278,Hotel Station View,"Paharganj, New Delhi",New+Delhi,Deluxe Double or Twin Room1 extra-large double bedNo prepayment needed – ,0.0,55972.0,6717.0,0.0,2238.89,6.0,Review Score,No,58.0,YES,YES,NO
279,Hotel Westend Holiday Home 5 mint from Nizamuddin Railway Station,New Delhi,New+Delhi,Standard Double Room1 double bedNo prepayment needed – ,0.0,43470.0,5216.0,0.0,1738.79,7.9,Good,No,23.0,YES,YES,NO
280,Townhouse THE ARROW Near Lotus Temple,New Delhi,New+Delhi,Classic Triple Room1 large double bedNo prepayment needed – ,46245.0,30059.0,4559.0,16186.0,1236.36,6.9,Review Score,No,58.0,YES,YES,NO
281,Connaught Royale Delhi,New Delhi,New+Delhi,Premium Double Room1 double bedNo prepayment needed – ,0.0,350000.0,63000.0,0.0,14750.0,7.7,Good,No,0.0,YES,YES,NO
282,Hotel O City Castle,"Karol bagh, New Delhi",New+Delhi,Classic Triple Room1 large double bedNo prepayment needed – ,45085.0,29305.0,4469.0,15780.0,1206.21,8.6,Fabulous,No,0.0,YES,YES,NO
283,FabExpress ASP Royal Residency Inn,"Janakpuri, New Delhi",New+Delhi,Deluxe Room1 double bedNo prepayment needed – ,125721.0,80462.0,10607.0,45259.0,3252.46,6.6,Review Score,No,13.0,YES,YES,NO
284,South Inn Green Park New Delhi,"South Delhi, New Delhi",New+Delhi,Small Double Room1 double bedNo prepayment needed – ,251972.0,100789.0,12095.0,151183.0,4031.57,6.8,Review Score,No,258.0,YES,YES,NO
285,Super Hotel O J P Inn Near Patel Nagar Metro Station,"West Delhi, New Delhi",New+Delhi,Deluxe Triple Room1 large double bedNo prepayment needed – ,81766.0,53148.0,7330.0,28618.0,2159.93,6.5,Review Score,No,423.0,YES,YES,NO
286,Best Western Darbar,"Paharganj, New Delhi",New+Delhi,Superior King Room - Non-Smoking1 extra-large double bedNo prepayment needed – ,0.0,182000.0,21840.0,0.0,7280.0,7.7,Good,No,81.0,YES,YES,NO
287,East Park Inn,"Karol bagh, New Delhi",New+Delhi,Deluxe Room1 double bedNo prepayment needed – ,0.0,117404.0,14088.0,0.0,4696.14,7.1,Good,No,118.0,YES,YES,NO
288,Holiday Inn New Delhi Mayur Vihar Noida by IHG,"Mayur Vihar Phase 1, New Delhi",New+Delhi,Standard King Room1 extra-large double bed,0.0,294853.0,58971.0,0.0,12636.57,8.8,Fabulous,No,0.0,NO,NO,NO
289,JW Marriott Hotel New Delhi Aerocity,"Aerocity, New Delhi",New+Delhi,Deluxe Guest room 1 King 1 extra-large double bedNo prepayment needed – ,0.0,516000.0,92880.0,0.0,21745.71,6.4,Review Score,No,221.0,YES,YES,NO
290,Hotel Clark Height @New Delhi,"West Delhi, New Delhi",New+Delhi,Double or Twin Room1 large double bedNo prepayment needed – ,151200.0,102816.0,12338.0,48384.0,4112.64,5.9,Review Score,No,77.0,YES,YES,NO
291,Hotel Kaushal Palace,"Paharganj, New Delhi",New+Delhi,Standard Double Room1 double bedNo prepayment needed – ,55972.0,33583.0,4030.0,22389.0,1343.32,0.0,Not Available,No,0.0,YES,YES,NO
292,Hotel Leefa,New Delhi,New+Delhi,Economy Double or Twin Room1 double bedNo prepayment needed – ,0.0,39060.0,4687.0,0.0,1562.39,0.0,Not Available,No,0.0,YES,YES,YES
293,Hotel Sunshine,"Karol bagh, New Delhi",New+Delhi,Non AC Double Room1 double bedNo prepayment needed – ,0.0,23800.0,2856.0,0.0,952.0,0.0,Not Available,No,0.0,YES,YES,NO
294,Hotel Square Plaza At Airport,New Delhi,New+Delhi,Superior Double or Twin Room1 extra-large double bedNo prepayment needed – ,50344.0,32724.0,11780.0,17620.0,1589.43,0.0,Not Available,No,0.0,YES,YES,YES
295,Hotel Golden Oasis - A Well Hygiene Property,"Paharganj, New Delhi",New+Delhi,Deluxe Room1 double bedNo prepayment needed – ,0.0,134400.0,16128.0,0.0,5376.0,0.0,Not Available,No,0.0,YES,YES,NO
296,Hotel Tej International Delhi Airport,"Mahipalpur, New Delhi",New+Delhi,Deluxe Double Room1 large double bedNo prepayment needed – ,83135.0,33254.0,3990.0,49881.0,1330.14,0.0,Not Available,No,0.0,YES,YES,YES
297,"Taj Palace, New Delhi","Chanakyapuri, New Delhi",New+Delhi,Deluxe Room King Bed Diplomatic Enclave View1 extra-large double bed,0.0,485145.0,87326.0,0.0,20445.39,0.0,Not Available,No,0.0,YES,NO,YES
298,"Diplomat, Chanakyapuri New Delhi- A Boutique Hotel","Chanakyapuri, New Delhi",New+Delhi,Double or Twin RoomMultiple bed types,0.0,239373.0,43087.0,0.0,10087.86,0.0,Not Available,No,0.0,YES,NO,NO
299,Hotel Royal Grand - Opposite Axis Bank East Patel Nagar,"West Delhi, New Delhi",New+Delhi,Deluxe Room1 double bed,0.0,111972.0,13437.0,0.0,4478.89,0.0,Not Available,No,0.0,YES,NO,NO
300,Athirappilly Rainland Resort,Athirappilly,Kerala,Deluxe Double Room1 extra-large double bed,140138.0,126124.0,15135.0,14014.0,5044.96,8.3,Very Good,YES,484.0,YES,NO,YES
301,Thekkady Gavi Suites,Vandiperiyār,Kerala,Deluxe Double StudioPrivate suite1 large double bedNo prepayment needed – ,0.0,67172.0,8061.0,0.0,2686.89,9.0,Superb,YES,98.0,YES,YES,NO
302,Misty Range Resorts,Marayoor,Kerala,Deluxe Room1 large double bed,135660.0,122094.0,14651.0,13566.0,4883.75,8.5,Very Good,YES,75.0,NO,NO,YES
303,"Treebo Nirupama, 750 M From Aluva Railway Station",Alwaye,Kerala,Standard Room1 extra-large double bedNo prepayment needed – ,169944.0,98568.0,11828.0,71376.0,3942.71,7.5,Good,YES,174.0,YES,YES,NO
304,Niyatma Wayanad Pool Resort by VOYE HOMES,Wayanad,Kerala,Deluxe Room1 large double bed,0.0,167508.0,20101.0,0.0,6700.32,7.9,Good,YES,67.0,YES,NO,YES
305,SylVan Resort,Wayanad,Kerala,Standard Family Room1 extra-large double bed,0.0,119952.0,14394.0,0.0,4798.07,9.1,Superb,YES,100.0,NO,NO,NO
306,Cranganor History Café & Riverside Château,Parūr,Kerala,King Room with Lake View1 large double bed,0.0,301400.0,54252.0,0.0,12701.86,9.8,Exceptional,YES,112.0,YES,NO,YES
307,Itsy Hotels Sapphire Residency,Manjeri,Kerala,Standard Double RoomMultiple bed typesNo prepayment needed – ,110944.0,64348.0,7722.0,46596.0,2573.93,8.3,Very Good,YES,81.0,YES,YES,YES
308,Coffee and Pepper Plantation Homestay,Thekkady,Kerala,King Room with Balcony1 large double bed,172000.0,154800.0,18576.0,17200.0,6192.0,9.6,Exceptional,YES,388.0,YES,NO,YES
309,Winter Vale Green Stay Resorts,Vagamon,Kerala,Family Room with Balcony1 extra-large double bed,0.0,186200.0,22344.0,0.0,7448.0,8.6,Fabulous,YES,279.0,NO,NO,NO
310,CJ GRANDE by Jesway Hotels & Resorts,Ernakulam,Kerala,Deluxe Room1 double bed,0.0,42840.0,5141.0,0.0,1713.61,7.3,Good,YES,359.0,NO,NO,NO
311,Green Cove Munnar,Anachal,Kerala,Family Room1 single bedNo prepayment needed – ,0.0,84000.0,10080.0,0.0,3360.0,8.4,Very Good,YES,5.0,YES,YES,NO
312,CONTOUR ISLAND RESORT & SPA by CITRINE,Tariyod,Kerala,Superior Room1 large double bed,0.0,171680.0,20602.0,0.0,6867.21,7.4,Good,YES,114.0,YES,NO,YES
313,ARK HOTEL AND CONVENTION CENTRE,Mundūr,Kerala,Deluxe Room1 single bed,0.0,78400.0,9408.0,0.0,3136.0,7.5,Good,YES,22.0,YES,NO,NO
314,ASHRAMAM HEALTH RESORT,Kattappana,Kerala,Mixed Dormitory RoomShared dormitory room12 extra-large double bedsNo prepayment needed – ,12877.0,11589.0,1391.0,1288.0,463.57,8.7,Fabulous,YES,40.0,YES,YES,NO
315,Treebo Premium Travancore Palace Cherthala,Alleppey,Kerala,[Sanitized] Standard Double Room1 extra-large double bedNo prepayment needed – ,249259.0,144570.0,17348.0,104689.0,5782.79,7.2,Good,YES,79.0,YES,YES,YES
316,Kayyath Valley Munnar - Luxury Hillside Sanctuary,Anachal,Kerala,Deluxe Double Room1 large double bedNo prepayment needed – ,0.0,147000.0,17640.0,0.0,5880.0,9.5,Exceptional,YES,15.0,YES,YES,NO
317,Base9 Cochin Airport Hotel,Nedumbassery,Kerala,Deluxe Double Room1 large double bedNo prepayment needed – ,60368.0,51313.0,6158.0,9055.0,2052.54,7.9,Good,YES,555.0,YES,YES,NO
318,Avadale Idukki - Stag Groups Not Allowed,Idukki,Kerala,Standard Double Room1 large double bed,91584.0,82426.0,9891.0,9158.0,3297.04,8.6,Fabulous,YES,61.0,YES,NO,NO
319,Luxo Kochi,Ernakulam,Kerala,Deluxe Double Room1 large double bed,0.0,154000.0,18480.0,0.0,6160.0,8.5,Very Good,YES,116.0,YES,NO,NO
320,Elephant Passage,Munnar,Kerala,Grove View Melton with 10% discount on Spa1 large double bed,0.0,252172.0,45391.0,0.0,10627.25,8.5,Very Good,YES,0.0,YES,NO,YES
321,Best Heritage Home,Iritti,Kerala,Deluxe Room1 double bedNo prepayment needed – ,0.0,56700.0,6804.0,0.0,2268.0,9.2,Superb,YES,13.0,YES,YES,NO
322,Greens Vista Wayanad - Premium Homestay Near Natural Stream,Panamaram,Kerala,"One-Bedroom ApartmentEntire apartment • 1 bedroom • 1 living room • 1 bathroom • 35 m²2 beds (1 sofa bed, 1 large double)",0.0,174472.0,20937.0,0.0,6978.89,9.0,Superb,YES,31.0,YES,NO,NO
323,Hotel NovArk Munnar,Kallar Vattiyar,Kerala,Queen Room with Balcony1 large double bed,0.0,167972.0,20157.0,0.0,6718.89,8.6,Fabulous,YES,10.0,YES,NO,NO
324,Munkudil Ayurveda & Yoga Retreat,Kuttampuzha,Kerala,Standard Double Room with Fan2 large double bedsNo prepayment needed – ,0.0,78400.0,9408.0,0.0,3136.0,8.6,Fabulous,YES,20.0,YES,YES,YES
325,Kalamana Serene,Chāvakkād,Kerala,Family Room1 double bed,68600.0,44100.0,5292.0,24500.0,1764.0,7.6,Good,YES,39.0,NO,NO,NO
326,Jeevess Wellness Resort,Wayanad,Kerala,Garden Cottage (Anika ) Specially for Physically challenged1 large double bed,0.0,228480.0,41126.0,0.0,9628.79,8.9,Fabulous,YES,85.0,YES,NO,YES
327,"Treebo Premium Cochin Airport, 5 min From Cochin Airport",Ernakulam,Kerala,Economy Double Room1 extra-large double bedNo prepayment needed – ,141727.0,90705.0,10885.0,51022.0,3628.21,8.3,Very Good,YES,102.0,YES,YES,YES
328,Avadale Thekkady - Stag Groups Not Allowed,Thekkady,Kerala,Standard Double Room1 extra-large double bed,0.0,86119.0,10334.0,0.0,3444.75,8.7,Fabulous,YES,367.0,NO,NO,NO
329,900 Woods Wayanad Eco Resort - A Sprawling Jungle Stay near Glass Bridge,Meppādi,Kerala,Budget Double Room1 large double bed,0.0,204714.0,24566.0,0.0,8188.57,8.5,Very Good,YES,20.0,YES,NO,NO
330,Le Serene Munnar Luxury Resorts & Spa,Ūdumbanshola,Kerala,Double Room with Balcony1 large double bedNo prepayment needed – ,0.0,136559.0,16387.0,0.0,5462.36,8.7,Fabulous,YES,11.0,YES,YES,NO
331,Woodside Homestay Wayanad,Batheri,Kerala,Deluxe Double Room with Shower1 double bed,84000.0,71400.0,8568.0,12600.0,2856.0,9.5,Exceptional,YES,47.0,YES,NO,NO
332,HOTEL PRINCE,Kāladi,Kerala,Standard Double Room1 large double bed,0.0,57377.0,6885.0,0.0,2295.07,8.4,Very Good,YES,27.0,YES,NO,YES
333,Marari Beach Bungalow Resort Alleppey,"Marari Beach, Mararikulam",Kerala,King Suite with BalconyPrivate suite1 large double bed,0.0,249040.0,44827.0,0.0,10495.25,9.6,Exceptional,YES,184.0,NO,NO,YES
334,"The Hive, Wayanad",Wayanad,Kerala,Deluxe Room1 large double bed,0.0,178920.0,21470.0,0.0,7156.79,9.4,Superb,YES,12.0,YES,NO,YES
335,Ananterra Resort Wayanad,Wayanad,Kerala,"Eco Cottage2 beds (1 extra-large double, 1 sofa bed)",279500.0,251550.0,45279.0,27950.0,10601.04,8.9,Fabulous,YES,274.0,YES,NO,YES
336,MOUNTAIN SHADOWS RESORTS,Wayanad,Kerala,Luxury lake view VillaEntire villa • 1 bedroom • 1 bathroom • 56 m²1 double bed,0.0,547200.0,98496.0,0.0,23060.57,9.2,Superb,YES,251.0,YES,NO,YES
337,Pugmarks Jungle Lodge,Chekadi,Kerala,Family Room with Forest View1 large double bed,0.0,163800.0,19656.0,0.0,6552.0,8.8,Fabulous,YES,28.0,YES,NO,YES
338,"Itsy Hotels Avani Stays, Vyttila, Kochi",Ernakulam,Kerala,Standard Double Room2 single bedsNo prepayment needed – ,229924.0,133356.0,16003.0,96568.0,5334.25,8.5,Very Good,YES,94.0,YES,YES,YES
339,"Treebo Brahma, Wayanad",Mananthavady,Kerala,Standard Double Room1 extra-large double bedNo prepayment needed – ,260053.0,150830.0,18100.0,109223.0,6033.21,6.3,Review Score,YES,32.0,YES,YES,YES
340,Hasco Tower,Palakkad,Kerala,Deluxe Room1 double bed,64240.0,61028.0,7323.0,3212.0,2441.11,8.3,Very Good,YES,914.0,YES,NO,NO
341,Flora Misty Falls Athirappilly,Athirappilly,Kerala,Deluxe Falls View1 large double bed,0.0,409130.0,73643.0,0.0,17241.89,9.1,Superb,YES,195.0,YES,NO,YES
342,Klov Resort & Spa,Wayanad,Kerala,"Double Room with Garden View2 beds (1 single, 1 double)",0.0,182000.0,21840.0,0.0,7280.0,8.8,Fabulous,YES,92.0,YES,NO,YES
343,7TH HEAVEN Kannur,Chakkarakkal,Kerala,"Two-Bedroom HouseEntire holiday home • 2 bedrooms • 1 living room • 1 bathroom • 1 kitchen • 23 m²3 beds (1 sofa bed, 2 large doubles)No prepayment needed – ",0.0,35910.0,4291.0,0.0,1435.75,7.8,Good,YES,63.0,YES,YES,NO
344,Hunters Hideout Resort,Wayanad,Kerala,King Room with Pool View1 extra-large double bedNo prepayment needed – ,0.0,238000.0,42840.0,0.0,10030.0,9.3,Superb,YES,6.0,YES,YES,NO
345,Hotel O Kattapana,Kattappana,Kerala,Standard Double Room1 large double bedNo prepayment needed – ,58815.0,38230.0,5540.0,20585.0,1563.21,5.2,Review Score,YES,24.0,YES,YES,NO
346,THE SUNSET BAY,Fort Kochi,Kerala,Standard Double Room1 extra-large double bed,0.0,81868.0,9824.0,0.0,3274.71,8.4,Very Good,YES,360.0,NO,NO,NO
347,Time Square Boutique Hotel & Spa,Alleppey,Kerala,Deluxe Double StudioEntire studio • 1 bathroom1 double bed,0.0,41146.0,4938.0,0.0,1645.86,8.2,Very Good,YES,324.0,YES,NO,YES
348,Square Villa Residency Luxury 1 Bed Room Villa with Private Pool,Mukkam,Kerala,"One-Bedroom VillaEntire villa • 1 bedroom • 1 living room • 2 bathrooms • 1 kitchen • 404 m²2 beds (1 sofa bed, 1 large double)No prepayment needed – ",0.0,209916.0,25190.0,0.0,8396.64,9.0,Superb,YES,7.0,YES,YES,NO
349,Marari Villas - Private Pool Villas,"Marari Beach, Mararikulam",Kerala,Villa with Private PoolEntire villa • 1 bedroom • 1 living room • 1 bathroom • 42 m²1 large double bed,0.0,373500.0,67230.0,0.0,15740.36,9.0,Superb,YES,98.0,YES,NO,YES
350,Nexstay River Mouth International,Ferokh,Kerala,Superior Double Room1 large double bed,0.0,72044.0,8645.0,0.0,2881.75,8.0,Very Good,YES,283.0,NO,NO,NO
351,Vanilla County,Vagamon,Kerala,Double or Twin Room with Garden View3 single beds,0.0,252000.0,45360.0,0.0,10620.0,9.2,Superb,YES,91.0,YES,NO,YES
352,"The Leela Ashtamudi, A Raviz Hotel",Kollam,Kerala,Grand Heritage King1 extra-large double bed,0.0,252000.0,45360.0,0.0,10620.0,8.1,Very Good,YES,845.0,YES,NO,YES
353,O'live Inn Wayanad,Vaduvanchal,Kerala,"Two-Bedroom ApartmentEntire apartment • 2 bedrooms • 1 living room • 2 bathrooms • 1 kitchen • 46 m²3 beds (2 extra-large doubles, 1 sofa bed)No prepayment needed – ",0.0,109463.0,13136.0,0.0,4378.54,0.0,Not Available,YES,2.0,YES,YES,NO
354,KGA Elite Continental Hotel,Thiruvalla,Kerala,Standard Room1 double bedNo prepayment needed – ,0.0,75264.0,9032.0,0.0,3010.57,7.8,Good,No,404.0,YES,YES,NO
355,Super Hotel O Tyche Stays,Trippapur,Kerala,Standard Double Room2 double bedsNo prepayment needed – ,96329.0,62614.0,8823.0,33715.0,2551.32,7.2,Good,No,145.0,YES,YES,NO
356,Hydel Palace Athirappilly by Bestinn Leisure,Athirappilly,Kerala,Deluxe Double Room with Balcony1 double bed,0.0,70135.0,8416.0,0.0,2805.39,8.5,Very Good,No,192.0,YES,NO,NO
357,Sterling Athirappilly,Kallana,Kerala,"Premier RoomEntire studio • 1 bathroom • 29 m²2 beds (1 extra-large double, 1 sofa bed)",223344.0,212177.0,38192.0,11167.0,8941.75,7.9,Good,No,63.0,NO,NO,YES
358,Utsavam Hotel Apartments,Guruvāyūr,Kerala,StudioEntire studio • 1 bathroom • 33 m²1 extra-large double bedNo prepayment needed – ,0.0,32760.0,3931.0,0.0,1310.39,7.5,Good,No,858.0,YES,YES,YES
359,Cleveland Resorts Kanthalloor,Kanthalloor,Kerala,Deluxe Double Room1 large double bedNo prepayment needed – ,0.0,148960.0,17875.0,0.0,5958.39,6.9,Review Score,No,18.0,YES,YES,NO
360,AMARA AYURVEDA RETREAT- Overlooking Evergreen Western Ghats an ecologically sustainable living space in Kovalam,Kovalam,Kerala,"AYUR EARTH VILLA PREMIUM3 beds (2 singles, 1 large double)",0.0,157600.0,18912.0,0.0,6304.0,8.6,Fabulous,No,225.0,YES,NO,NO
361,Great Trails Wayanad by GRT Hotels,Wayanad,Kerala,Estate Villas with varandah1 extra-large double bed,0.0,428000.0,85600.0,0.0,18342.86,9.0,Superb,No,127.0,YES,NO,YES
362,Misty Mountain Experience,Pīrmed,Kerala,The Reverie1 double bed,346866.0,277493.0,49949.0,69373.0,11694.36,8.9,Fabulous,No,28.0,YES,NO,YES
363,Thenmala Ecoresort - The First and the Best,Punalūr,Kerala,Double Room with Patio1 large double bed,0.0,60480.0,7258.0,0.0,2419.21,8.4,Very Good,No,48.0,YES,NO,NO
364,Daffodils Luxury Airport Suites,Angamali,Kerala,One-Bedroom ApartmentEntire apartment • 1 bedroom • 1 living room • 1 bathroom • 45 m²1 large double bedNo prepayment needed – ,0.0,83300.0,9996.0,0.0,3332.0,9.2,Superb,No,116.0,YES,YES,YES
365,Abad Whispering Palms,Kumarakom,Kerala,Cottage with Garden View1 double bed,0.0,196952.0,23634.0,0.0,7878.07,8.0,Very Good,No,809.0,YES,NO,YES
366,Agraharam Resorts,Thirunelli,Kerala,VillaEntire villa • 1 bedroom • 1 bathroom • 30 m²2 single beds,0.0,99100.0,11892.0,0.0,3964.0,8.6,Fabulous,No,86.0,YES,NO,YES
367,The Mountain Courtyard Thekkady,Thekkady,Kerala,Tamarind 1 large double bed,0.0,196000.0,23520.0,0.0,7840.0,8.7,Fabulous,No,458.0,YES,NO,NO
368,Olives The Boutique Resort,Kalpetta,Kerala,Premium Double Room1 extra-large double bed,0.0,187600.0,22512.0,0.0,7504.0,8.4,Very Good,No,23.0,YES,NO,YES
369,WithInn Hotel - Kannur Airport,Kannur,Kerala,Standard Double or Twin Room1 extra-large double bedNo prepayment needed – ,0.0,78372.0,9405.0,0.0,3134.89,8.6,Fabulous,No,148.0,YES,YES,NO
370,"Au Revoir Wellness Resort, Malampuzha",Palakkad,Kerala,Standard Double Room1 large double bed,181755.0,159944.0,19193.0,21811.0,6397.75,9.0,Superb,No,26.0,YES,NO,NO
371,Le Villagio Resort & Domes,Sultan Bathery,Kerala,"One-Bedroom ApartmentEntire apartment • 1 bedroom • 1 living room • 1 bathroom • 1 kitchen • 65 m²2 beds (1 sofa bed, 1 large double)",0.0,106704.0,12804.0,0.0,4268.14,7.9,Good,No,282.0,YES,NO,YES
372,Vismaya by Moksha Stays,Turavūr,Kerala,"Two-Bedroom VillaEntire villa • 2 bedrooms • 1 living room • 2 bathrooms • 200 m²3 beds (2 singles, 1 double)",0.0,606060.0,109091.0,0.0,25541.11,0.0,Not Available,No,13.0,YES,NO,YES
373,Vibe Munnar Resort & Spa,Munnar,Kerala,Hamilton Room with Balcony1 large double bed,487900.0,390320.0,70258.0,97580.0,16449.21,8.4,Very Good,No,200.0,NO,NO,NO
374,StayMazing Manyata-1BHK Boutique AC Apartments -Couple Friendly,Bangalore,Bangalore,One-Bedroom ApartmentEntire apartment • 1 bedroom • 1 bathroom • 1 kitchen • 82m²1 double bedNo prepayment needed – ,61152.0,47087.0,5650.0,14065.0,1883.46,9.1,Superb,YES,42.0,YES,YES,NO
375,JW Marriott Hotel Bengaluru,"Bangalore Shopping Area, Bangalore",Bangalore,Deluxe Room 2 Twin1 extra-large double bedNo prepayment needed – ,0.0,719515.0,129513.0,0.0,30322.43,8.4,Very Good,YES,268.0,YES,YES,YES
376,Mistyblue Stays,Bangalore,Bangalore,Two-Bedroom ApartmentEntire apartment • 2 bedrooms • 1 living room • 2 bathrooms • 1 kitchen • 102m²2 large double bedsNo prepayment needed – ,0.0,114912.0,13789.0,0.0,4596.46,7.4,Good,YES,113.0,YES,YES,NO
377,Mistyblue Serviced Apartments,Bangalore,Bangalore,Two-Bedroom ApartmentEntire apartment • 2 bedrooms • 1 living room • 2 bathrooms • 1 kitchen • 111m²2 double bedsNo prepayment needed – ,0.0,129276.0,15513.0,0.0,5171.04,7.2,Good,YES,150.0,YES,YES,NO
378,Goshen Inn Suites and Serviced Apartments,Bangalore,Bangalore,Three-Bedroom VillaEntire villa • 3 bedrooms • 1 living room • 3 bathrooms • 1 kitchen • 21m²6 single beds,0.0,132517.0,15902.0,0.0,5300.68,9.3,Superb,YES,48.0,YES,NO,NO
379,Oriva Freshco,Bangalore,Bangalore,Deluxe Room1 double bedNo prepayment needed – ,142792.0,91387.0,10966.0,51405.0,3655.46,9.2,Superb,YES,4.0,YES,YES,NO
380,SPLENDID SHUBHAM SERVICED APARTMENTS,Bangalore,Bangalore,Two-Bedroom ApartmentEntire apartment • 2 bedrooms • 1 living room • 2 bathrooms • 1 kitchen • 121m²2 extra-large double beds,0.0,132678.0,15921.0,0.0,5307.11,8.1,Very Good,YES,115.0,YES,NO,NO
381,Tranquil Orchid Serviced Apartments,"Electronic City, Bangalore",Bangalore,"One-Bedroom ApartmentEntire apartment • 1 bedroom • 1 living room • 1 bathroom • 1 kitchen • 74m²7 beds (1 single, 3 sofa beds, 3 large doubles)",0.0,63000.0,7560.0,0.0,2520.0,8.5,Very Good,YES,66.0,YES,NO,NO
382,FabHotel Greenwood Xpress Inn - Nr Manipal Hospital,Bangalore,Bangalore,Deluxe Room1 large double bedNo prepayment needed – ,81551.0,52192.0,6263.0,29359.0,2087.68,9.1,Superb,YES,939.0,YES,YES,NO
383,FabHotel Rotano Grand - Nr Marathahalli Bridge,Bangalore,Bangalore,Deluxe Room1 double bedNo prepayment needed – ,81551.0,52192.0,6263.0,29359.0,2087.68,8.8,Fabulous,YES,624.0,YES,YES,NO
384,Pinnacle Serviced Apartments,Bangalore,Bangalore,Two-Bedroom ApartmentEntire apartment • 2 bedrooms • 3 living rooms • 2 bathrooms • 1 kitchen • 167m²2 extra-large double bedsNo prepayment needed – ,0.0,113400.0,13608.0,0.0,4536.0,8.4,Very Good,YES,69.0,YES,YES,NO
385,Olive Hotel JP Nagar by Embassy Group,"JP Nagar, Bangalore",Bangalore,Double Room1 large double bedNo prepayment needed – ,0.0,77146.0,9257.0,0.0,3085.82,7.5,Good,YES,200.0,YES,YES,NO
386,Wandr Hotel- Near MG Road,Bangalore,Bangalore,Standard Queen Room1 double bedNo prepayment needed – ,196560.0,86486.0,10378.0,110074.0,3459.43,8.8,Fabulous,YES,154.0,YES,YES,NO
387,Olive Hotel Electronic City by Embassy Group,"Electronic City, Bangalore",Bangalore,Standard King Room1 extra-large double bedNo prepayment needed – ,0.0,87428.0,10491.0,0.0,3497.11,8.5,Very Good,YES,551.0,YES,YES,NO
388,Stayhome Suites,Bangalore,Bangalore,"One-Bedroom ApartmentEntire apartment • 1 bedroom • 1 living room • 1 bathroom • 1 kitchen • 28m²2 beds (1 double, 1 sofa bed)",0.0,62160.0,7459.0,0.0,2486.39,8.3,Very Good,YES,75.0,YES,NO,NO
389,Royal Ace Boutique Hotel - Manyata Techpark,"Nagavara, Bangalore",Bangalore,Deluxe Double Room1 double bedNo prepayment needed – ,0.0,158760.0,19051.0,0.0,6350.39,7.8,Good,YES,299.0,YES,YES,YES
390,Astra Hotels & Suites - Marathahalli,Bangalore,Bangalore,Classic Triple Room1 large double bed,119672.0,77787.0,10048.0,41885.0,3136.96,7.7,Good,YES,193.0,YES,NO,NO
391,Olive Hotel Indiranagar 100Ft Road by Embassy Group,"Indiranagar, Bangalore",Bangalore,Double Room1 large double bedNo prepayment needed – ,0.0,80640.0,9677.0,0.0,3225.61,7.7,Good,YES,289.0,YES,YES,NO
392,The Altruist Business Hotel Whitefield,"Whitefield, Bangalore",Bangalore,Standard Queen Room1 double bedNo prepayment needed – ,150250.0,117195.0,14063.0,33055.0,4687.79,7.3,Good,YES,543.0,YES,YES,NO
393,The Oberoi Bengaluru,"MG Road, Bangalore",Bangalore,Room assigned upon arrival1 large double bed,0.0,590400.0,106272.0,0.0,24881.14,9.3,Superb,YES,0.0,NO,NO,NO
394,Windfall Service Apartment,"Yelahanka, Bangalore",Bangalore,"Two-Bedroom Superior ApartmentEntire apartment • 2 bedrooms • 1 living room • 2 bathrooms • 1 kitchen • 93m²4 beds (2 singles, 1 extra-large double, 1 sofa bed)",0.0,187996.0,22560.0,0.0,7519.86,9.0,Superb,YES,33.0,NO,NO,NO
395,SS Mystic Apartotel,Bangalore,Bangalore,"Three-Bedroom ApartmentEntire apartment • 3 bedrooms • 1 living room • 3 bathrooms • 1 kitchen • 232m²4 beds (3 doubles, 1 sofa bed)",0.0,160650.0,19278.0,0.0,6426.0,8.8,Fabulous,YES,37.0,YES,NO,NO
396,Olive Zip Koramangala 4th Block by Embassy Group,"Koramangala, Bangalore",Bangalore,Standard Double Room1 double bedNo prepayment needed – ,0.0,63594.0,7631.0,0.0,2543.75,7.8,Good,YES,133.0,YES,YES,NO
397,StayhomeStays Prime,Bangalore,Bangalore,"Apartment with BalconyEntire apartment • 1 bedroom • 1 living room • 1 bathroom • 1 kitchen • 28m²2 beds (1 sofa bed, 1 large double)No prepayment needed – ",0.0,87780.0,10534.0,0.0,3511.21,8.2,Very Good,YES,91.0,YES,YES,NO
398,Olive Zip Domlur by Embassy Group,Bangalore,Bangalore,Standard Twin Room1 single bedNo prepayment needed – ,0.0,57758.0,6931.0,0.0,2310.32,8.4,Very Good,YES,235.0,YES,YES,NO
399,BLVD Club - Near BENGALURU AIRPORT,Bangalore,Bangalore,Deluxe Room1 double bed,0.0,310586.0,55905.0,0.0,13088.96,8.5,Very Good,YES,165.0,YES,NO,YES
400,Elite Peak Serviced Apartments,"Arekere, Bangalore",Bangalore,"Two-Bedroom ApartmentEntire apartment • 2 bedrooms • 1 living room • 2 bathrooms • 1 kitchen • 111m²3 beds (2 extra-large doubles, 1 sofa bed)No prepayment needed – ",0.0,100800.0,12096.0,0.0,4032.0,8.7,Fabulous,YES,44.0,YES,YES,NO
401,Hotel The Black Stone,"Koramangala, Bangalore",Bangalore,Superior Deluxe Double or Twin Room 1 double bedNo prepayment needed – ,0.0,83300.0,9996.0,0.0,3332.0,7.7,Good,YES,132.0,YES,YES,NO
402,Taj MG Road Bengaluru,"MG Road, Bangalore",Bangalore,Deluxe Room City View  King Bed1 extra-large double bed,0.0,366000.0,65880.0,0.0,15424.29,8.7,Fabulous,YES,615.0,YES,NO,NO
403,Taj Yeshwantpur Bengaluru,"Yeshwantpur, Bangalore",Bangalore,Superior Queen Room1 large double bed,0.0,323100.0,58158.0,0.0,13616.36,8.8,Fabulous,YES,0.0,YES,NO,YES
404,Ixora Suites,"Indiranagar, Bangalore",Bangalore,Queen StudioEntire studio • 1 bathroom1 large double bed,0.0,113050.0,13566.0,0.0,4522.0,8.1,Very Good,YES,18.0,NO,NO,NO
405,Olive Hotel HAL 2nd Stage by Embassy Group,Bangalore,Bangalore,Standard Queen Room1 double bedNo prepayment needed – ,0.0,67052.0,8046.0,0.0,2682.07,7.8,Good,YES,351.0,YES,YES,NO
406,FabExpress Sri Sai Suites,Bangalore,Bangalore,Deluxe Room1 double bedNo prepayment needed – ,94322.0,60366.0,7958.0,33956.0,2440.14,7.6,Good,YES,153.0,YES,YES,NO
407,City Keys Bangalore By Bestinn Leisure,"Electronic City, Bangalore",Bangalore,Standard Double Room1 large double bedNo prepayment needed – ,0.0,98000.0,11760.0,0.0,3920.0,7.9,Good,No,60.0,YES,YES,NO
408,"MJ Avyanna Resort & Convention Centre, Bengaluru",Bangalore,Bangalore,Deluxe Twin Room2 single bedsNo prepayment needed – ,147200.0,125120.0,15014.0,22080.0,5004.79,7.9,Good,No,0.0,YES,YES,YES
409,Holiday Inn Bengaluru Racecourse by IHG,"Gandhi nagar, Bangalore",Bangalore,Standard Room1 double bedNo prepayment needed – ,0.0,242947.0,48589.0,0.0,10412.0,9.1,Superb,No,17.0,YES,YES,NO
410,Truelife Whitefield - Premium 1 BHK Apartments - Prime location - Easy access to Main Rd - Metro - ITPL - Fast WiFi - Kitchen - Smart TV - Power backup - Park - Garden views,"Whitefield, Bangalore",Bangalore,"One-Bedroom Apartment with BalconyEntire apartment • 1 bedroom • 1 living room • 1 bathroom • 46m²2 beds (1 sofa bed, 1 large double)No prepayment needed – ",0.0,77112.0,9253.0,0.0,3084.46,7.2,Good,No,526.0,YES,YES,NO
411,ibis Bengaluru Hosur Road - An Accor Brand,Bangalore,Bangalore,Standard Queen Room1 large double bedNo prepayment needed – ,0.0,137000.0,16440.0,0.0,5480.0,7.6,Good,No,139.0,YES,YES,NO
412,Sanctum Suites Domlur Bangalore,Bangalore,Bangalore,Deluxe Queen Room1 double bed,0.0,79200.0,9504.0,0.0,3168.0,7.4,Good,No,142.0,YES,NO,NO
413,Olive Hotel Palace Road by Embassy Group,"Sheshadripuram, Bangalore",Bangalore,Standard Double Room1 large double bedNo prepayment needed – ,0.0,85114.0,10214.0,0.0,3404.57,9.0,Superb,No,687.0,YES,YES,NO
414,The Leela Bhartiya City Bengaluru,Bangalore,Bangalore,Deluxe Room1 extra-large double bed,0.0,355300.0,63954.0,0.0,14973.36,6.7,Review Score,No,21.0,YES,NO,YES
415,Hotel Classio Koramagala,"Koramangala, Bangalore",Bangalore,Double Room1 large double bedNo prepayment needed – ,0.0,62392.0,7487.0,0.0,2495.68,8.3,Very Good,No,17.0,YES,YES,NO
416,Lite Stays - Koramangala,"Koramangala, Bangalore",Bangalore,One-Bedroom ApartmentEntire apartment • 1 bedroom • 1 living room • 1 bathroom • 1 kitchen • 37m²1 double bed,0.0,83972.0,10077.0,0.0,3358.89,7.6,Good,No,323.0,YES,NO,NO
417,ibis Bengaluru Hebbal - An Accor Brand,"Nagavara, Bangalore",Bangalore,Standard Room with One Double Bed1 double bed,0.0,119520.0,14342.0,0.0,4780.79,8.1,Very Good,No,34.0,NO,NO,NO
418,Achates Corporate Services,Bangalore,Bangalore,2×Deluxe Room4 single bedsNo prepayment needed – ,0.0,94640.0,11357.0,0.0,3785.61,4.2,Review Score,No,6.0,YES,YES,NO
419,FabHotel Humming Suites,Bangalore,Bangalore,Deluxe Room1 double bedNo prepayment needed – ,78895.0,50493.0,6059.0,28402.0,2019.71,8.9,Fabulous,No,47.0,YES,YES,NO
420,The Auberge Boutique Hotel - Manyata Tech Park,Bangalore,Bangalore,Superior Double or Twin Room1 double bedNo prepayment needed – ,60200.0,51170.0,6140.0,9030.0,2046.79,9.0,Superb,No,11.0,YES,YES,NO
421,FabHotel Sai Luxury Comforts,Bangalore,Bangalore,Deluxe Room1 double bedNo prepayment needed – ,97063.0,62121.0,7454.0,34942.0,2484.82,8.5,Very Good,No,292.0,YES,YES,NO
422,Lilac Hotel 3rd Block,"Jayanagar, Bangalore",Bangalore,Executive Room1 large double bed,0.0,146178.0,17541.0,0.0,5847.11,8.0,Very Good,No,948.0,YES,NO,NO
423,Regenta Inn Indiranagar by Royal Orchid Hotels,"Indiranagar, Bangalore",Bangalore,Deluxe Room1 large double bed,0.0,111265.0,13352.0,0.0,4450.61,8.3,Very Good,No,33.0,YES,NO,NO
424,DayOne Suites,Bangalore,Bangalore,VillaEntire villa • 4 bedrooms • 1 living room • 4 bathrooms • 1 kitchen • 929m²4 double bedsNo prepayment needed – ,0.0,158760.0,19051.0,0.0,6350.39,8.5,Very Good,No,804.0,YES,YES,NO
425,Vivanta Bengaluru Residency Road,"MG Road, Bangalore",Bangalore,Superior Double Room1 extra-large double bed,0.0,323000.0,58140.0,0.0,13612.14,8.7,Fabulous,No,760.0,YES,NO,YES
426,Grand Mercure Bengaluru at Gopalan Mall - An Accor Brand,Bangalore,Bangalore,Deluxe Double or Twin RoomBeds: 1 double or 2 singles,0.0,321725.0,57911.0,0.0,13558.43,8.8,Fabulous,No,551.0,NO,NO,NO
427,Taj West End,Bangalore,Bangalore,Luxury Room Heritage Wing 1 extra-large double bed,0.0,712000.0,128160.0,0.0,30005.71,8.1,Very Good,No,0.0,YES,NO,NO
428,"Welcomhotel by ITC Hotels, Richmond Road, Bengaluru","MG Road, Bangalore",Bangalore,Deluxe Double Room1 large double bedNo prepayment needed – ,0.0,250000.0,45000.0,0.0,10535.71,5.9,Review Score,No,8.0,YES,YES,YES
429,FabHotel Willow Tree,Bangalore,Bangalore,Deluxe Room1 double bedNo prepayment needed – ,78867.0,50475.0,6057.0,28392.0,2019.0,7.0,Good,No,44.0,YES,YES,NO
430,Orchid Suites - A Boutique Hotel Bangalore Off Residency Road,Bangalore,Bangalore,Deluxe Queen Room1 large double bedNo prepayment needed – ,0.0,94080.0,11290.0,0.0,3763.21,8.3,Very Good,No,383.0,YES,YES,NO
431,Grand Mercure Bangalore - An Accor Brand,"Koramangala, Bangalore",Bangalore,One Bedroom Suite without BalconyEntire apartment • 1 bathroom • 58m²,0.0,317668.0,57180.0,0.0,13387.43,8.1,Very Good,No,545.0,NO,NO,NO
432,Holiday Inn Express & Suites Bengaluru Old Madras Road by IHG,Bangalore,Bangalore,Standard Twin Room2 single beds,0.0,149987.0,17998.0,0.0,5999.46,7.7,Good,No,256.0,YES,NO,YES
433,Sanctum Suites Whitefield Bangalore,"Whitefield, Bangalore",Bangalore,Deluxe Queen Room1 large double bed,0.0,67400.0,8088.0,0.0,2696.0,8.5,Very Good,No,793.0,YES,NO,NO
434,"ITC Windsor, a Luxury Collection Hotel, Bengaluru",Bangalore,Bangalore,Queen or Twin Room with City/Pool View - Towers1 large double bedNo prepayment needed – ,0.0,354320.0,63778.0,0.0,14932.07,6.8,Review Score,No,141.0,YES,YES,YES
435,Hotel Airport Southgate Bangalore,Bangalore,Bangalore,One-Bedroom SuitePrivate suite1 extra-large double bedNo prepayment needed – ,0.0,52920.0,6350.0,0.0,2116.79,8.3,Very Good,No,581.0,YES,YES,NO
436,Ramada Encore Domlur Bangalore,Bangalore,Bangalore,Deluxe Queen Room1 large double bedNo prepayment needed – ,0.0,172000.0,20640.0,0.0,6880.0,7.5,Good,No,65.0,YES,YES,YES
437,HOTEL BALINOVA,Bangalore,Bangalore,Deluxe Room1 double bed,0.0,52920.0,6350.0,0.0,2116.79,6.2,Review Score,No,103.0,NO,NO,YES
438,Treebo Suraksha Inn,"Indiranagar, Bangalore",Bangalore,Standard Double RoomBeds: 1 double or 2 singlesNo prepayment needed – ,241206.0,139899.0,16788.0,101307.0,5595.96,8.1,Very Good,No,16.0,YES,YES,YES
439,FabHotel Sky View Palace - Marathahalli Outer Ring Road,"Marathahalli, Bangalore",Bangalore,Deluxe Room1 double bedNo prepayment needed – ,100323.0,64207.0,7705.0,36116.0,2568.29,8.6,Fabulous,No,711.0,YES,YES,NO
440,Locul Midtown-Indiranagar,"Indiranagar, Bangalore",Bangalore,2×6 bed Non ac Male only dorm 2 beds in dormitories2 bunk beds,0.0,45360.0,5443.0,0.0,1814.39,8.4,Very Good,No,102.0,YES,NO,NO
441,Radha Regent Electronic City,"Electronic City, Bangalore",Bangalore,Superior Double Room1 double bedBreakfast & dinner includedNo prepayment needed – ,0.0,314975.0,74334.0,0.0,13903.89,8.4,Very Good,No,995.0,YES,YES,NO
442,Locul Central - Church Street,"MG Road, Bangalore",Bangalore,2×6 Bed Non AC Male Only Dorm2 beds in dormitories2 bunk beds,0.0,43092.0,5171.0,0.0,1723.68,8.8,Fabulous,No,349.0,YES,NO,NO
443,Adarsh Hamilton,Bangalore,Bangalore,Deluxe Room Multiple bed types,350000.0,273000.0,49140.0,77000.0,11505.0,8.2,Very Good,No,95.0,YES,NO,YES
444,FabHotel Prime The Vintage Inn,"Electronic City, Bangalore",Bangalore,Deluxe Room1 double bedNo prepayment needed – ,97126.0,62160.0,7459.0,34966.0,2486.39,8.6,Fabulous,No,9.0,YES,YES,NO
445,"Golden Residency, Gandhi Nagar Bangalore","Gandhi nagar, Bangalore",Bangalore,Deluxe Twin Room1 single bed,130675.0,78405.0,9409.0,52270.0,3136.21,7.9,Good,No,29.0,NO,NO,NO
446,Sun Shine Hotel,Bangalore,Bangalore,Deluxe King Room1 large double bedNo prepayment needed – ,0.0,84854.0,10182.0,0.0,3394.14,8.7,Fabulous,No,967.0,YES,YES,NO
447,"Staymazing Ferndale-1,2&3 BHK Boutique AC Serviced Apartments","Hebbal, Bangalore",Bangalore,"One-Bedroom ApartmentEntire apartment • 1 bedroom • 1 living room • 1 bathroom • 1 kitchen • 65m²2 beds (1 double, 1 sofa bed) • Free cot always availableNo prepayment needed – ",78952.0,51674.0,6201.0,27278.0,2066.96,0.0,Not Available,No,0.0,YES,YES,NO
448,Locul Uptown - Near Bangalore Palace Grounds,Bangalore,Bangalore,Deluxe Queen Room1 large double bed,0.0,48354.0,5802.0,0.0,1934.14,0.0,Not Available,No,0.0,YES,NO,NO
